/* funcionarios */
insert into funcionarios (cpf, cpf_super, nome, data_admissao, data_nascimento) values ('06234438765', NULL, 'Walter White', TO_DATE('30/03/2014','dd/mm/yyyy'), TO_DATE('13/04/1976','dd/mm/yyyy'));
insert into funcionarios (cpf, cpf_super, nome, data_admissao, data_nascimento) values ('88140983799', NULL, 'Jesse Pinkman', TO_DATE('08/02/1966','dd/mm/yyyy'), TO_DATE('15/06/1931','dd/mm/yyyy'));
insert into funcionarios (cpf, cpf_super, nome, data_admissao, data_nascimento) values ('90752904834', '06234438765', 'Todd Price', TO_DATE('28/11/2008', 'dd/mm/yyyy'), TO_DATE('29/11/1962', 'dd/mm/yyyy'));
insert into funcionarios (cpf, cpf_super, nome, data_admissao, data_nascimento) values ('84865465963', '06234438765', 'Laura Thompson', TO_DATE('20/07/1960', 'dd/mm/yyyy'), TO_DATE('07/10/1934', 'dd/mm/yyyy'));
insert into funcionarios (cpf, cpf_super, nome, data_admissao, data_nascimento) values ('73235295212', '06234438765', 'Nancy Greene', TO_DATE('01/08/1962', 'dd/mm/yyyy'), TO_DATE('01/12/1939', 'dd/mm/yyyy'));
insert into funcionarios (cpf, cpf_super, nome, data_admissao, data_nascimento) values ('88838233153', '06234438765', 'Richard Palmer', TO_DATE('07/09/1971', 'dd/mm/yyyy'), TO_DATE('06/02/1949', 'dd/mm/yyyy'));
insert into funcionarios (cpf, cpf_super, nome, data_admissao, data_nascimento) values ('57424468667', '06234438765', 'Irene Nelson', TO_DATE('21/10/1992', 'dd/mm/yyyy'), TO_DATE('09/02/1932', 'dd/mm/yyyy'));
insert into funcionarios (cpf, cpf_super, nome, data_admissao, data_nascimento) values ('94183732742', '06234438765', 'Craig Marshall', TO_DATE('30/09/1981', 'dd/mm/yyyy'), TO_DATE('24/08/1951', 'dd/mm/yyyy'));
insert into funcionarios (cpf, cpf_super, nome, data_admissao, data_nascimento) values ('42025593625', '06234438765', 'Dennis Morrison', TO_DATE('28/01/2005', 'dd/mm/yyyy'), TO_DATE('24/03/1951', 'dd/mm/yyyy'));
insert into funcionarios (cpf, cpf_super, nome, data_admissao, data_nascimento) values ('31988589642', '06234438765', 'Earl Jenkins', TO_DATE('24/05/2007', 'dd/mm/yyyy'), TO_DATE('07/11/1982', 'dd/mm/yyyy'));
insert into funcionarios (cpf, cpf_super, nome, data_admissao, data_nascimento) values ('97268251891', '06234438765', 'Lois Davis', TO_DATE('28/06/1992', 'dd/mm/yyyy'), TO_DATE('24/07/1967', 'dd/mm/yyyy'));
insert into funcionarios (cpf, cpf_super, nome, data_admissao, data_nascimento) values ('57158935832', '06234438765', 'Evelyn Banks', TO_DATE('22/02/2009', 'dd/mm/yyyy'), TO_DATE('24/11/1988', 'dd/mm/yyyy'));
insert into funcionarios (cpf, cpf_super, nome, data_admissao, data_nascimento) values ('80817022099', '06234438765', 'Elizabeth Ortiz', TO_DATE('14/07/1988', 'dd/mm/yyyy'), TO_DATE('14/01/1953', 'dd/mm/yyyy'));
insert into funcionarios (cpf, cpf_super, nome, data_admissao, data_nascimento) values ('99053717997', '06234438765', 'Eugene Jenkins', TO_DATE('01/10/1980', 'dd/mm/yyyy'), TO_DATE('06/09/1946', 'dd/mm/yyyy'));
insert into funcionarios (cpf, cpf_super, nome, data_admissao, data_nascimento) values ('52806078197', '06234438765', 'Kathleen Baker', TO_DATE('24/10/1986', 'dd/mm/yyyy'), TO_DATE('11/01/1952', 'dd/mm/yyyy'));
insert into funcionarios (cpf, cpf_super, nome, data_admissao, data_nascimento) values ('93366940787', '06234438765', 'Richard Mason', TO_DATE('07/05/1974', 'dd/mm/yyyy'), TO_DATE('17/09/1930', 'dd/mm/yyyy'));
insert into funcionarios (cpf, cpf_super, nome, data_admissao, data_nascimento) values ('19392779618', '06234438765', 'Bruce Hicks', TO_DATE('11/09/1995', 'dd/mm/yyyy'), TO_DATE('02/08/1971', 'dd/mm/yyyy'));
insert into funcionarios (cpf, cpf_super, nome, data_admissao, data_nascimento) values ('66886800515', '06234438765', 'Jessica Rogers', TO_DATE('10/12/1996', 'dd/mm/yyyy'), TO_DATE('23/10/1955', 'dd/mm/yyyy'));
insert into funcionarios (cpf, cpf_super, nome, data_admissao, data_nascimento) values ('90746704523', '06234438765', 'Aaron Marshall', TO_DATE('21/03/2004', 'dd/mm/yyyy'), TO_DATE('24/06/1980', 'dd/mm/yyyy'));
insert into funcionarios (cpf, cpf_super, nome, data_admissao, data_nascimento) values ('48671138077', '06234438765', 'Christopher Day', TO_DATE('16/02/1980', 'dd/mm/yyyy'), TO_DATE('13/04/1962', 'dd/mm/yyyy'));
insert into funcionarios (cpf, cpf_super, nome, data_admissao, data_nascimento) values ('09677549050', '06234438765', 'Joseph Lewis', TO_DATE('18/12/2015', 'dd/mm/yyyy'), TO_DATE('31/07/1995', 'dd/mm/yyyy'));
insert into funcionarios (cpf, cpf_super, nome, data_admissao, data_nascimento) values ('25104679287', '06234438765', 'Andrew Barnes', TO_DATE('26/04/1970', 'dd/mm/yyyy'), TO_DATE('10/04/1948', 'dd/mm/yyyy'));
insert into funcionarios (cpf, cpf_super, nome, data_admissao, data_nascimento) values ('55223845862', '88140983799', 'Bruce Gilbert', TO_DATE('28/02/1984', 'dd/mm/yyyy'), TO_DATE('27/09/1945', 'dd/mm/yyyy'));
insert into funcionarios (cpf, cpf_super, nome, data_admissao, data_nascimento) values ('14400581772', '88140983799', 'Philip Howell', TO_DATE('28/06/1967', 'dd/mm/yyyy'), TO_DATE('07/08/1948', 'dd/mm/yyyy'));
insert into funcionarios (cpf, cpf_super, nome, data_admissao, data_nascimento) values ('16629828403', '88140983799', 'Antonio Hunt', TO_DATE('22/02/2004', 'dd/mm/yyyy'), TO_DATE('20/10/1931', 'dd/mm/yyyy'));
insert into funcionarios (cpf, cpf_super, nome, data_admissao, data_nascimento) values ('28328322904', '88140983799', 'Evelyn Andrews', TO_DATE('20/09/2013', 'dd/mm/yyyy'), TO_DATE('12/10/1944', 'dd/mm/yyyy'));
insert into funcionarios (cpf, cpf_super, nome, data_admissao, data_nascimento) values ('77206501260', '88140983799', 'Paul Smith', TO_DATE('04/05/1994', 'dd/mm/yyyy'), TO_DATE('23/06/1948', 'dd/mm/yyyy'));
insert into funcionarios (cpf, cpf_super, nome, data_admissao, data_nascimento) values ('12230884090', '88140983799', 'Willie Jackson', TO_DATE('20/09/2000', 'dd/mm/yyyy'), TO_DATE('11/12/1972', 'dd/mm/yyyy'));
insert into funcionarios (cpf, cpf_super, nome, data_admissao, data_nascimento) values ('10705340017', '88140983799', 'Patrick Reid', TO_DATE('02/08/1995', 'dd/mm/yyyy'), TO_DATE('25/07/1962', 'dd/mm/yyyy'));
insert into funcionarios (cpf, cpf_super, nome, data_admissao, data_nascimento) values ('44160467456', '88140983799', 'Angela Carroll', TO_DATE('20/08/2000', 'dd/mm/yyyy'), TO_DATE('27/05/1937', 'dd/mm/yyyy'));
insert into funcionarios (cpf, cpf_super, nome, data_admissao, data_nascimento) values ('79859148466', '88140983799', 'Paul Nguyen', TO_DATE('20/01/2005', 'dd/mm/yyyy'), TO_DATE('04/12/1973', 'dd/mm/yyyy'));
insert into funcionarios (cpf, cpf_super, nome, data_admissao, data_nascimento) values ('04910256448', '88140983799', 'Eric Simmons', TO_DATE('19/10/1987', 'dd/mm/yyyy'), TO_DATE('10/02/1957', 'dd/mm/yyyy'));
insert into funcionarios (cpf, cpf_super, nome, data_admissao, data_nascimento) values ('89851302606', '88140983799', 'Aaron Myers', TO_DATE('30/10/1990', 'dd/mm/yyyy'), TO_DATE('04/03/1957', 'dd/mm/yyyy'));
insert into funcionarios (cpf, cpf_super, nome, data_admissao, data_nascimento) values ('68788809434', '88140983799', 'Scott Adams', TO_DATE('27/08/1986', 'dd/mm/yyyy'), TO_DATE('04/09/1948', 'dd/mm/yyyy'));
insert into funcionarios (cpf, cpf_super, nome, data_admissao, data_nascimento) values ('92346383395', '88140983799', 'Lori Parker', TO_DATE('07/10/1996', 'dd/mm/yyyy'), TO_DATE('07/06/1974', 'dd/mm/yyyy'));
insert into funcionarios (cpf, cpf_super, nome, data_admissao, data_nascimento) values ('13574644097', '88140983799', 'Michelle Romero', TO_DATE('20/10/1993', 'dd/mm/yyyy'), TO_DATE('29/09/1951', 'dd/mm/yyyy'));
insert into funcionarios (cpf, cpf_super, nome, data_admissao, data_nascimento) values ('12060045245', '88140983799', 'Henry Cole', TO_DATE('06/02/1972', 'dd/mm/yyyy'), TO_DATE('17/05/1945', 'dd/mm/yyyy'));
insert into funcionarios (cpf, cpf_super, nome, data_admissao, data_nascimento) values ('92496388053', '88140983799', 'Scott Vasquez', TO_DATE('25/01/2012', 'dd/mm/yyyy'), TO_DATE('07/06/1973', 'dd/mm/yyyy'));
insert into funcionarios (cpf, cpf_super, nome, data_admissao, data_nascimento) values ('15302830862', '88140983799', 'Carolyn Bailey', TO_DATE('01/07/1980', 'dd/mm/yyyy'), TO_DATE('07/02/1953', 'dd/mm/yyyy'));
insert into funcionarios (cpf, cpf_super, nome, data_admissao, data_nascimento) values ('37608581276', '88140983799', 'Virginia Freeman', TO_DATE('08/07/2013', 'dd/mm/yyyy'), TO_DATE('04/09/1986', 'dd/mm/yyyy'));

/* telefones_funcionarios */

insert into telefones_funcionarios (funcionario_cpf, fone) values ('90752904834', '73-955851930');
insert into telefones_funcionarios (funcionario_cpf, fone) values ('88140983799', '86-544220923');
insert into telefones_funcionarios (funcionario_cpf, fone) values ('06234438765', '67-593225915');
insert into telefones_funcionarios (funcionario_cpf, fone) values ('84865465963', '30-966035845');
insert into telefones_funcionarios (funcionario_cpf, fone) values ('73235295212', '12-305231025');
insert into telefones_funcionarios (funcionario_cpf, fone) values ('88838233153', '58-128915989');
insert into telefones_funcionarios (funcionario_cpf, fone) values ('57424468667', '69-089661833');
insert into telefones_funcionarios (funcionario_cpf, fone) values ('94183732742', '01-082838113');
insert into telefones_funcionarios (funcionario_cpf, fone) values ('42025593625', '10-716206606');
insert into telefones_funcionarios (funcionario_cpf, fone) values ('31988589642', '49-576866426');
insert into telefones_funcionarios (funcionario_cpf, fone) values ('97268251891', '59-019463948');
insert into telefones_funcionarios (funcionario_cpf, fone) values ('57158935832', '83-493926329');
insert into telefones_funcionarios (funcionario_cpf, fone) values ('80817022099', '64-874254541');
insert into telefones_funcionarios (funcionario_cpf, fone) values ('99053717997', '97-174478839');
insert into telefones_funcionarios (funcionario_cpf, fone) values ('52806078197', '06-915249410');
insert into telefones_funcionarios (funcionario_cpf, fone) values ('93366940787', '11-653120573');
insert into telefones_funcionarios (funcionario_cpf, fone) values ('19392779618', '47-775980291');
insert into telefones_funcionarios (funcionario_cpf, fone) values ('66886800515', '33-158219829');
insert into telefones_funcionarios (funcionario_cpf, fone) values ('90746704523', '42-572442986');
insert into telefones_funcionarios (funcionario_cpf, fone) values ('48671138077', '23-474682320');
insert into telefones_funcionarios (funcionario_cpf, fone) values ('09677549050', '38-083558365');
insert into telefones_funcionarios (funcionario_cpf, fone) values ('25104679287', '74-739842145');
insert into telefones_funcionarios (funcionario_cpf, fone) values ('55223845862', '72-689677057');
insert into telefones_funcionarios (funcionario_cpf, fone) values ('14400581772', '11-184057062');
insert into telefones_funcionarios (funcionario_cpf, fone) values ('16629828403', '38-451129023');
insert into telefones_funcionarios (funcionario_cpf, fone) values ('28328322904', '34-576510381');
insert into telefones_funcionarios (funcionario_cpf, fone) values ('77206501260', '99-357419494');
insert into telefones_funcionarios (funcionario_cpf, fone) values ('77206501260', '44-563702997');
insert into telefones_funcionarios (funcionario_cpf, fone) values ('10705340017', '24-567714659');
insert into telefones_funcionarios (funcionario_cpf, fone) values ('44160467456', '79-496267747');
insert into telefones_funcionarios (funcionario_cpf, fone) values ('79859148466', '52-016256469');
insert into telefones_funcionarios (funcionario_cpf, fone) values ('04910256448', '64-540562398');
insert into telefones_funcionarios (funcionario_cpf, fone) values ('89851302606', '73-462204136');
insert into telefones_funcionarios (funcionario_cpf, fone) values ('68788809434', '60-693345220');
insert into telefones_funcionarios (funcionario_cpf, fone) values ('92346383395', '07-585280716');
insert into telefones_funcionarios (funcionario_cpf, fone) values ('13574644097', '67-800006041');
insert into telefones_funcionarios (funcionario_cpf, fone) values ('92496388053', '00-212047640');

/* enderecos_funcionarios */
insert into enderecos_funcionarios (funcionario_cpf, cep, descricao) values ('37608581276', '24002419', 'Rua Amaro Gomes Poroca, 91, Várzea');
insert into enderecos_funcionarios (funcionario_cpf, cep, descricao) values ('15302830862', '47146819', 'Av. Agamenon Magalhães, 1000, Santo Amaro');
insert into enderecos_funcionarios (funcionario_cpf, cep, descricao) values ('92496388053', '21162509', '190 Main Street West Salt Lake City, UT 84119');
insert into enderecos_funcionarios (funcionario_cpf, cep, descricao) values ('12060045245', '40037681', '474 Fieldstone Drive Olive Branch, MS 38654');
insert into enderecos_funcionarios (funcionario_cpf, cep, descricao) values ('13574644097', '28554775', '626 Brandywine Drive Middleburg, FL 32068');
insert into enderecos_funcionarios (funcionario_cpf, cep, descricao) values ('92346383395', '21147608', '309 Highland Drive Fairburn, GA 30213');
insert into enderecos_funcionarios (funcionario_cpf, cep, descricao) values ('68788809434', '24931142', '266 School Street Fenton, MI 48430');
insert into enderecos_funcionarios (funcionario_cpf, cep, descricao) values ('89851302606', '19687243', '505 Virginia Avenue yattsville, MD 20782');
insert into enderecos_funcionarios (funcionario_cpf, cep, descricao) values ('04910256448', '40984189', '508 Cambridge Road Mount Prospect, IL 60056');
insert into enderecos_funcionarios (funcionario_cpf, cep, descricao) values ('79859148466', '48939700', '121 New Street Champlin, MN 55316');
insert into enderecos_funcionarios (funcionario_cpf, cep, descricao) values ('77206501260', '15676650', '225 Sycamore Drive Phillipsburg, NJ 08865');
insert into enderecos_funcionarios (funcionario_cpf, cep, descricao) values ('44160467456', '58569663', '441 Park Avenue Omaha, NE 68107');
insert into enderecos_funcionarios (funcionario_cpf, cep, descricao) values ('10705340017', '20749684', '704 Hawthorne Lane Parkville, MD 21234');
insert into enderecos_funcionarios (funcionario_cpf, cep, descricao) values ('28328322904', '31103687', '107 Cypress Court Ladson, SC 29456');
insert into enderecos_funcionarios (funcionario_cpf, cep, descricao) values ('16629828403', '41382473', '407 1st Avenue Wasilla, AK 99654');
insert into enderecos_funcionarios (funcionario_cpf, cep, descricao) values ('14400581772', '16239833', '971 Laurel Drive District Heights, MD 20747');
insert into enderecos_funcionarios (funcionario_cpf, cep, descricao) values ('55223845862', '28887159', '86 Cleveland Avenue Uniondale, NY 11553');
insert into enderecos_funcionarios (funcionario_cpf, cep, descricao) values ('25104679287', '47335459', '17 Amherst Street Glen Allen, VA 23059');
insert into enderecos_funcionarios (funcionario_cpf, cep, descricao) values ('09677549050', '31119034', '558 Beechwood Drive Newtown, PA 18940');
insert into enderecos_funcionarios (funcionario_cpf, cep, descricao) values ('48671138077', '49272302', '426 Marshall Street Rocky Mount, NC 27804');

/* setores */

insert into setores (id, nome_setor, descricao) values (1, 'Almoxarifado', 'Setor de estoque/armazenamento.');
insert into setores (id, nome_setor, descricao) values (2, 'Recursos Humanos', 'Setor de R.H.');
insert into setores (id, nome_setor, descricao) values (3, 'Financeiro', 'Setor de contabilidade e economia.');
insert into setores (id, nome_setor, descricao) values (4, 'Soldagem', 'Setor de Soldagem.');
insert into setores (id, nome_setor, descricao) values (5, 'Pintura', 'Setor de Pintura.');
insert into setores (id, nome_setor, descricao) values (6, 'Reciclagem', 'Setor de reciclagem de peças.');
insert into setores (id, nome_setor, descricao) values (7, 'Acabamento', 'Setor de acabamento.');
insert into setores (id, nome_setor, descricao) values (8, 'Mecânico', 'Setor mecânico.');
insert into setores (id, nome_setor, descricao) values (9, 'Testes', 'Onde os navios são testados.');
insert into setores (id, nome_setor, descricao) values (10, 'Pesquisa e Desenvolvimento', 'Setor de R.D da empresa.');

/* responsaveis_setores */

insert into responsaveis_setores (funcionario_cpf, setor_id) values ('90752904834', 1);
insert into responsaveis_setores (funcionario_cpf, setor_id) values ('88140983799', 2);
insert into responsaveis_setores (funcionario_cpf, setor_id) values ('37608581276', 3);
insert into responsaveis_setores (funcionario_cpf, setor_id) values ('15302830862', 4);
insert into responsaveis_setores (funcionario_cpf, setor_id) values ('92496388053', 5);
insert into responsaveis_setores (funcionario_cpf, setor_id) values ('12060045245', 6);
insert into responsaveis_setores (funcionario_cpf, setor_id) values ('13574644097', 7);
insert into responsaveis_setores (funcionario_cpf, setor_id) values ('92346383395', 8);
insert into responsaveis_setores (funcionario_cpf, setor_id) values ('68788809434', 9);
insert into responsaveis_setores (funcionario_cpf, setor_id) values ('89851302606', 10);

/* projetos */

insert into projetos (id, nome, descricao, orcamento, data_inicio, data_previsao_termino, data_termino) values (1, 'Super Petrol 12', 'Nosso maior petroleiro.', 702.88, TO_DATE('26/12/2005', 'dd/mm/yyyy'), TO_DATE('24/11/2013', 'dd/mm/yyyy'), TO_DATE('12/09/2013', 'dd/mm/yyyy'));
insert into projetos (id, nome, descricao, orcamento, data_inicio, data_previsao_termino, data_termino) values (2, 'Gas Titanic 1000', 'Terceiro maior gaseiro.', 410.81, TO_DATE('17/01/1957', 'dd/mm/yyyy'), TO_DATE('23/07/1965', 'dd/mm/yyyy'), TO_DATE('01/12/1967', 'dd/mm/yyyy'));
insert into projetos (id, nome, descricao, orcamento, data_inicio, data_previsao_termino, data_termino) values (3, 'TI Class Petrol', 'Segundo maior petroleiro.', 345.33, TO_DATE('25/10/2000', 'dd/mm/yyyy'), TO_DATE('10/03/2003', 'dd/mm/yyyy'), TO_DATE('10/10/2010', 'dd/mm/yyyy'));
insert into projetos (id, nome, descricao, orcamento, data_inicio, data_previsao_termino, data_termino) values (4, 'Berge Emperor', 'Terceiro maior petroleiro.', 985.4, TO_DATE('28/02/1965', 'dd/mm/yyyy'), TO_DATE('21/04/1978', 'dd/mm/yyyy'), TO_DATE('12/03/1980', 'dd/mm/yyyy'));
insert into projetos (id, nome, descricao, orcamento, data_inicio, data_previsao_termino, data_termino) values (5, 'CMA CGM Alexander Von Humboldt', 'Navio container.', 969.97, TO_DATE('06/01/1989', 'dd/mm/yyyy'), TO_DATE('14/10/1998', 'dd/mm/yyyy'), TO_DATE('10/02/1997', 'dd/mm/yyyy'));
insert into projetos (id, nome, descricao, orcamento, data_inicio, data_previsao_termino, data_termino) values (6, 'Emma Maersk', 'Cargueiro classe E.', 572.65, TO_DATE('13/07/1965', 'dd/mm/yyyy'), TO_DATE('11/03/1971', 'dd/mm/yyyy'), TO_DATE('29/11/1969', 'dd/mm/yyyy'));
insert into projetos (id, nome, descricao, orcamento, data_inicio, data_previsao_termino, data_termino) values (7, 'Maersk Mc-Kinney Moller', 'Cargueiro classe E.', 475.59, TO_DATE('14/09/1987', 'dd/mm/yyyy'), TO_DATE('29/10/1993', 'dd/mm/yyyy'), TO_DATE('04/06/1995', 'dd/mm/yyyy'));
insert into projetos (id, nome, descricao, orcamento, data_inicio, data_previsao_termino, data_termino) values (8, 'Batillus', 'Segundo maior gaseiro.', 510.23, TO_DATE('30/05/2000', 'dd/mm/yyyy'), TO_DATE('16/06/2011', 'dd/mm/yyyy'), TO_DATE('24/07/2009', 'dd/mm/yyyy'));
insert into projetos (id, nome, descricao, orcamento, data_inicio, data_previsao_termino, data_termino) values (9, 'Seawise Giant', 'Quinto maior petroleiro.', 142.74, TO_DATE('03/07/1987', 'dd/mm/yyyy'), TO_DATE('18/07/2012', 'dd/mm/yyyy'), TO_DATE('21/12/2012', 'dd/mm/yyyy'));
insert into projetos (id, nome, descricao, orcamento, data_inicio, data_previsao_termino, data_termino) values (10, 'Prelude FLNG', 'Maior gaseiro do mundo.', 233.11, TO_DATE('17/08/1960', 'dd/mm/yyyy'), TO_DATE('16/10/1971', 'dd/mm/yyyy'), TO_DATE('16/10/1971', 'dd/mm/yyyy'));

/* projetos_criacoes */

insert into projetos_criacoes (id_projeto, modelagem) values (1, 'YpC90tTIc');
insert into projetos_criacoes (id_projeto, modelagem) values (2, 'vJo5TaA4dl');
insert into projetos_criacoes (id_projeto, modelagem) values (3, 'sUDQ5g');
insert into projetos_criacoes (id_projeto, modelagem) values (4, 'CiDt8DyCa');
insert into projetos_criacoes (id_projeto, modelagem) values (5, 'W5W32rDu');

/* projetos_restauracoes */

insert into projetos_restauracoes (id_projeto, partes_reutilizadas , partes_descartadas ) values (6, 6, 6);
insert into projetos_restauracoes (id_projeto, partes_reutilizadas , partes_descartadas ) values (7, 7, 7);
insert into projetos_restauracoes (id_projeto, partes_reutilizadas , partes_descartadas ) values (8, 8, 8);
insert into projetos_restauracoes (id_projeto, partes_reutilizadas , partes_descartadas ) values (9, 9, 9);
insert into projetos_restauracoes (id_projeto, partes_reutilizadas , partes_descartadas ) values (10, 10, 10);

/* execucoes_projetos */
insert into execucoes_projetos (setor_id, projeto_id) values (1, 1);
insert into execucoes_projetos (setor_id, projeto_id) values (1, 2);
insert into execucoes_projetos (setor_id, projeto_id) values (2, 2);
insert into execucoes_projetos (setor_id, projeto_id) values (2, 3);
insert into execucoes_projetos (setor_id, projeto_id) values (3, 3);
insert into execucoes_projetos (setor_id, projeto_id) values (3, 4);
insert into execucoes_projetos (setor_id, projeto_id) values (4, 4);
insert into execucoes_projetos (setor_id, projeto_id) values (4, 5);
insert into execucoes_projetos (setor_id, projeto_id) values (5, 5);
insert into execucoes_projetos (setor_id, projeto_id) values (5, 6);
insert into execucoes_projetos (setor_id, projeto_id) values (6, 6);
insert into execucoes_projetos (setor_id, projeto_id) values (6, 7);
insert into execucoes_projetos (setor_id, projeto_id) values (7, 7);
insert into execucoes_projetos (setor_id, projeto_id) values (7, 8);
insert into execucoes_projetos (setor_id, projeto_id) values (8, 8);
insert into execucoes_projetos (setor_id, projeto_id) values (8, 9);
insert into execucoes_projetos (setor_id, projeto_id) values (9, 9);
insert into execucoes_projetos (setor_id, projeto_id) values (9, 10);
insert into execucoes_projetos (setor_id, projeto_id) values (10, 1);
insert into execucoes_projetos (setor_id, projeto_id) values (10, 10);

/* clientes */

insert into clientes (cnpj, nome_empresa, email, site) values ('32771001010862', 'Petrobras S.A', 'jmendoza0@petrobras.com.br', 'petrobras.com.br');
insert into clientes (cnpj, nome_empresa, email, site) values ('74023615300569', 'Maersk', 'jparker1@maersk.com', 'maersk.com');
insert into clientes (cnpj, nome_empresa, email, site) values ('35480432803963', 'Shell', 'aruiz2@shell.com', 'shell.com');
insert into clientes (cnpj, nome_empresa, email, site) values ('40824079424045', 'Texaco', 'swebb3@texaco.com', 'texaco.com');
insert into clientes (cnpj, nome_empresa, email, site) values ('50997772767181', 'Hamburg Süd', 'jwilliamson4@usgs.gov', 'oaic.gov.au');
insert into clientes (cnpj, nome_empresa, email, site) values ('61841660367260', 'Vale', 'jcunningham5@vale.com', 'vale.com');
insert into clientes (cnpj, nome_empresa, email, site) values ('49991270192798', 'Esso', 'jmartin6@esso.com', 'esso.com');
insert into clientes (cnpj, nome_empresa, email, site) values ('77016702913997', 'Samarco', 'alawrence7@samarco.com.br', 'samarco.com.br');
insert into clientes (cnpj, nome_empresa, email, site) values ('14010782046701', 'General Motors', 'chawkins8@gm.com', 'gm.com');
insert into clientes (cnpj, nome_empresa, email, site) values ('94405974919694', 'Alunorte', 'cferguson9@alunorte.com.br', 'alunorte.com.br');
insert into clientes (cnpj, nome_empresa, email, site) values ('91913832268294', 'Namisa', 'ebrooksa@namisa.com.br', 'namisa.com.br');
insert into clientes (cnpj, nome_empresa, email, site) values ('57290869110659', 'Alcoa', 'ngreenb@alcoa.com', 'alcoa.com');
insert into clientes (cnpj, nome_empresa, email, site) values ('26990196975153', 'Mitsubishi', 'esanchezc@mitsubishi.com', 'mitsubishi.com');
insert into clientes (cnpj, nome_empresa, email, site) values ('94395785501995', 'Rio Tinto', 'dcunninghamd@riotinto.com', 'riotinto.com');
insert into clientes (cnpj, nome_empresa, email, site) values ('46168389687831', 'BHP Billiton', 'rwarde@bhpbilliton.com', 'bhpbilliton.com');

/* representantes */

insert into representantes (empresa_cnpj, cpf_representante, nome) values ('32771001010862', '38349206880', 'Roy Hudson');
insert into representantes (empresa_cnpj, cpf_representante, nome) values ('74023615300569', '18760215941', 'Bobby Stephens');
insert into representantes (empresa_cnpj, cpf_representante, nome) values ('35480432803963', '38249379735', 'Jonathan Brooks');
insert into representantes (empresa_cnpj, cpf_representante, nome) values ('40824079424045', '45463712243', 'Paul Harris');
insert into representantes (empresa_cnpj, cpf_representante, nome) values ('50997772767181', '19709817248', 'Mark Brown');
insert into representantes (empresa_cnpj, cpf_representante, nome) values ('61841660367260', '18653207439', 'Jonathan Taylor');
insert into representantes (empresa_cnpj, cpf_representante, nome) values ('49991270192798', '12581666216', 'Eugene Stewart');
insert into representantes (empresa_cnpj, cpf_representante, nome) values ('77016702913997', '21417577784', 'Albert Stephens');
insert into representantes (empresa_cnpj, cpf_representante, nome) values ('14010782046701', '48869558051', 'Jimmy West');
insert into representantes (empresa_cnpj, cpf_representante, nome) values ('94405974919694', '13170275859', 'Heather Mendoza');
insert into representantes (empresa_cnpj, cpf_representante, nome) values ('91913832268294', '45765493189', 'Jose Carr');
insert into representantes (empresa_cnpj, cpf_representante, nome) values ('57290869110659', '15942326847', 'Jose Sims');
insert into representantes (empresa_cnpj, cpf_representante, nome) values ('26990196975153', '42455806504', 'Victor Flores');
insert into representantes (empresa_cnpj, cpf_representante, nome) values ('94395785501995', '44896261080', 'Jonathan Gomez');
insert into representantes (empresa_cnpj, cpf_representante, nome) values ('46168389687831', '38377052223', 'Philip Torres');

/* telefones_clientes */

insert into telefones_clientes (cliente_cnpj, fone) values ('32771001010862', '1097112736');
insert into telefones_clientes (cliente_cnpj, fone) values ('74023615300569', '1098522898');
insert into telefones_clientes (cliente_cnpj, fone) values ('35480432803963', '1099631901');
insert into telefones_clientes (cliente_cnpj, fone) values ('40824079424045', '1098326714');
insert into telefones_clientes (cliente_cnpj, fone) values ('50997772767181', '1099367308');
insert into telefones_clientes (cliente_cnpj, fone) values ('61841660367260', '1097878759');
insert into telefones_clientes (cliente_cnpj, fone) values ('49991270192798', '1098480548');
insert into telefones_clientes (cliente_cnpj, fone) values ('77016702913997', '1098503945');
insert into telefones_clientes (cliente_cnpj, fone) values ('14010782046701', '1099108026');
insert into telefones_clientes (cliente_cnpj, fone) values ('94405974919694', '1098424309');
insert into telefones_clientes (cliente_cnpj, fone) values ('91913832268294', '1097782276');
insert into telefones_clientes (cliente_cnpj, fone) values ('57290869110659', '1098610719');
insert into telefones_clientes (cliente_cnpj, fone) values ('26990196975153', '1097208407');
insert into telefones_clientes (cliente_cnpj, fone) values ('94395785501995', '1097195017');
insert into telefones_clientes (cliente_cnpj, fone) values ('46168389687831', '1099685226');

/* enderecos_clientes */

insert into enderecos_clientes (cliente_cnpj, cep, descricao) values ('32771001010862', '46359768', '579 Oak Lane Parlin, NJ 08859.');
insert into enderecos_clientes (cliente_cnpj, cep, descricao) values ('74023615300569', '38372503', '878 8th Avenue Lake In The Hills, IL 60156.');
insert into enderecos_clientes (cliente_cnpj, cep, descricao) values ('35480432803963', '34311823', '340 Somerset Drive Woodstock, GA 30188.');
insert into enderecos_clientes (cliente_cnpj, cep, descricao) values ('40824079424045', '14956210', '948 William Street Barberton, OH 44203.');
insert into enderecos_clientes (cliente_cnpj, cep, descricao) values ('50997772767181', '43483725', '457 Route 2 Griffin, GA 30223.');
insert into enderecos_clientes (cliente_cnpj, cep, descricao) values ('61841660367260', '14576247', '522 Columbia Street Peachtree City, GA 30269.');
insert into enderecos_clientes (cliente_cnpj, cep, descricao) values ('49991270192798', '48415503', '804 Oak Street Silver Spring, MD 20901.');
insert into enderecos_clientes (cliente_cnpj, cep, descricao) values ('77016702913997', '55153968', '872 Bridge Street Oceanside, NY 11572.');
insert into enderecos_clientes (cliente_cnpj, cep, descricao) values ('14010782046701', '14826814', '434 Hickory Street Thibodaux, LA 70301.');
insert into enderecos_clientes (cliente_cnpj, cep, descricao) values ('94405974919694', '28473617', '411 Arlington Avenue Hackensack, NJ 07601.');
insert into enderecos_clientes (cliente_cnpj, cep, descricao) values ('91913832268294', '23573257', '848 Colonial Drive Peabody, MA 01960.');
insert into enderecos_clientes (cliente_cnpj, cep, descricao) values ('57290869110659', '24488350', '201 Bayberry Drive Rosemount, MN 55068.');
insert into enderecos_clientes (cliente_cnpj, cep, descricao) values ('26990196975153', '39413836', '360 Central Avenue Olive Branch, MS 38654.');
insert into enderecos_clientes (cliente_cnpj, cep, descricao) values ('94395785501995', '59547171', '901 Oak Street Natchez, MS 39120.');
insert into enderecos_clientes (cliente_cnpj, cep, descricao) values ('46168389687831', '59727291', '194 Park Street Belmont, MA 02478.');

/* embarcacoes */

insert into embarcacoes (certificado, tipo, data_fabricacao) values ('6686256566744014', 'CONTEINEIRO', TO_DATE('23/06/2001','dd/mm/yyyy'));
insert into embarcacoes (certificado, tipo, data_fabricacao) values ('3483008998238951', 'CONTEINEIRO', TO_DATE('13/07/1952','dd/mm/yyyy'));
insert into embarcacoes (certificado, tipo, data_fabricacao) values ('1858278084503792', 'CONTEINEIRO', TO_DATE('08/01/1983','dd/mm/yyyy'));
insert into embarcacoes (certificado, tipo, data_fabricacao) values ('2058105563559733', 'CONTEINEIRO', TO_DATE('16/02/1974','dd/mm/yyyy'));
insert into embarcacoes (certificado, tipo, data_fabricacao) values ('3010386456443800', 'CONTEINEIRO', TO_DATE('06/10/1988','dd/mm/yyyy'));
insert into embarcacoes (certificado, tipo, data_fabricacao) values ('6894233464033459', 'GASEIRO', TO_DATE('08/07/2006','dd/mm/yyyy'));
insert into embarcacoes (certificado, tipo, data_fabricacao) values ('3977665514774184', 'GASEIRO', TO_DATE('07/07/1994','dd/mm/yyyy'));
insert into embarcacoes (certificado, tipo, data_fabricacao) values ('4709306226415695', 'GASEIRO', TO_DATE('05/11/1967','dd/mm/yyyy'));
insert into embarcacoes (certificado, tipo, data_fabricacao) values ('7663040196268442', 'GASEIRO', TO_DATE('29/05/1962','dd/mm/yyyy'));
insert into embarcacoes (certificado, tipo, data_fabricacao) values ('7326302996717560', 'GASEIRO', TO_DATE('12/03/1963','dd/mm/yyyy'));
insert into embarcacoes (certificado, tipo, data_fabricacao) values ('1700151499882756', 'GASEIRO', TO_DATE('26/09/1997','dd/mm/yyyy'));
insert into embarcacoes (certificado, tipo, data_fabricacao) values ('5322937184789651', 'GASEIRO', TO_DATE('03/07/1959','dd/mm/yyyy'));
insert into embarcacoes (certificado, tipo, data_fabricacao) values ('1986326421419801', 'VLCC', TO_DATE('23/01/2011','dd/mm/yyyy'));
insert into embarcacoes (certificado, tipo, data_fabricacao) values ('5560728405647844', 'VLCC', TO_DATE('11/03/2015','dd/mm/yyyy'));
insert into embarcacoes (certificado, tipo, data_fabricacao) values ('8008944033340588', 'VLCC', TO_DATE('30/03/1962','dd/mm/yyyy'));
insert into embarcacoes (certificado, tipo, data_fabricacao) values ('7808994642283709', 'VLCC', TO_DATE('08/07/1971','dd/mm/yyyy'));
insert into embarcacoes (certificado, tipo, data_fabricacao) values ('4724698486648050', 'PETROLEIRO', TO_DATE('26/02/1999','dd/mm/yyyy'));
insert into embarcacoes (certificado, tipo, data_fabricacao) values ('7578314219866680', 'PETROLEIRO', TO_DATE('25/11/1980','dd/mm/yyyy'));
insert into embarcacoes (certificado, tipo, data_fabricacao) values ('4082223176847353', 'PETROLEIRO', TO_DATE('05/09/1997','dd/mm/yyyy'));
insert into embarcacoes (certificado, tipo, data_fabricacao) values ('1611889263988087', 'PETROLEIRO', TO_DATE('03/01/1955','dd/mm/yyyy'));

/* especificacoes */

insert into especificacoes (certificado_embarcacao, versao, peso, comprimento, altura, capacidade_ocupantes, capacidade_carga) values ('6686256566744014', 123.45, 400.000, 30.000, 20.000, 1000, 90.000);
insert into especificacoes (certificado_embarcacao, versao, peso, comprimento, altura, capacidade_ocupantes, capacidade_carga) values ('3483008998238951', 234.56, 450.000, 35.000, 25.000, 1250, 99.000);
insert into especificacoes (certificado_embarcacao, versao, peso, comprimento, altura, capacidade_ocupantes, capacidade_carga) values ('1858278084503792', 345.67, 500.000, 40.000, 50.000, 1500, 10.000);
insert into especificacoes (certificado_embarcacao, versao, peso, comprimento, altura, capacidade_ocupantes, capacidade_carga) values ('2058105563559733', 456.78, 350.000, 65.000, 75.000, 1750, 19.000);
insert into especificacoes (certificado_embarcacao, versao, peso, comprimento, altura, capacidade_ocupantes, capacidade_carga) values ('3010386456443800', 567.89, 750.000, 37.050, 27.120, 1980, 99.000);
insert into especificacoes (certificado_embarcacao, versao, peso, comprimento, altura, capacidade_ocupantes, capacidade_carga) values ('6894233464033459', 678.90, 234.024, 12.423, 23.242, 1412, 24.241);
insert into especificacoes (certificado_embarcacao, versao, peso, comprimento, altura, capacidade_ocupantes, capacidade_carga) values ('3977665514774184', 215.54, 238.575, 24.235, 86.535, 2355, 35.356);
insert into especificacoes (certificado_embarcacao, versao, peso, comprimento, altura, capacidade_ocupantes, capacidade_carga) values ('4709306226415695', 832.46, 233.844, 85.741, 86.112, 3431, 23.235);
insert into especificacoes (certificado_embarcacao, versao, peso, comprimento, altura, capacidade_ocupantes, capacidade_carga) values ('7663040196268442', 034.37, 647.355, 35.356, 37.245, 5236, 35.352);
insert into especificacoes (certificado_embarcacao, versao, peso, comprimento, altura, capacidade_ocupantes, capacidade_carga) values ('7326302996717560', 038.54, 462.644, 24.574, 43.463, 4363, 43.436);
insert into especificacoes (certificado_embarcacao, versao, peso, comprimento, altura, capacidade_ocupantes, capacidade_carga) values ('1700151499882756', 352.36, 263.362, 36.362, 75.436, 3346, 23.463);
insert into especificacoes (certificado_embarcacao, versao, peso, comprimento, altura, capacidade_ocupantes, capacidade_carga) values ('5322937184789651', 474.34, 346.463, 46.436, 86.553, 3525, 53.274);
insert into especificacoes (certificado_embarcacao, versao, peso, comprimento, altura, capacidade_ocupantes, capacidade_carga) values ('1986326421419801', 523.36, 532.246, 24.426, 76.584, 7435, 34.754);
insert into especificacoes (certificado_embarcacao, versao, peso, comprimento, altura, capacidade_ocupantes, capacidade_carga) values ('5560728405647844', 233.64, 653.352, 35.325, 64.754, 5246, 54.463);
insert into especificacoes (certificado_embarcacao, versao, peso, comprimento, altura, capacidade_ocupantes, capacidade_carga) values ('8008944033340588', 025.53, 054.633, 23.435, 46.456, 6436, 54.753);
insert into especificacoes (certificado_embarcacao, versao, peso, comprimento, altura, capacidade_ocupantes, capacidade_carga) values ('7808994642283709', 001.13, 326.361, 33.265, 23.235, 3575, 23.362);
insert into especificacoes (certificado_embarcacao, versao, peso, comprimento, altura, capacidade_ocupantes, capacidade_carga) values ('4724698486648050', 673.35, 732.462, 46.462, 44.426, 2532, 23.648);
insert into especificacoes (certificado_embarcacao, versao, peso, comprimento, altura, capacidade_ocupantes, capacidade_carga) values ('7578314219866680', 112.46, 325.972, 35.464, 34.863, 7334, 23.362);
insert into especificacoes (certificado_embarcacao, versao, peso, comprimento, altura, capacidade_ocupantes, capacidade_carga) values ('4082223176847353', 123.73, 111.222, 33.444, 55.666, 7777, 88.999);
insert into especificacoes (certificado_embarcacao, versao, peso, comprimento, altura, capacidade_ocupantes, capacidade_carga) values ('1611889263988087', 012.34, 420.420, 12.344, 56.788, 1337, 54.321);

/* equipamentos */

insert into equipamentos (id, nome_equipamento, tipo, data_uso_inicio, data_uso_termino) values (1, 'Máquina de Solda Compact', 'Solda', TO_DATE('26/12/1981','dd/mm/yyyy'), TO_DATE('20/04/1990','dd/mm/yyyy'));
insert into equipamentos (id, nome_equipamento, tipo, data_uso_inicio, data_uso_termino) values (2, 'Britadeira Black & Decker', 'Britadeira', TO_DATE('24/03/1956','dd/mm/yyyy'), TO_DATE('03/07/1978','dd/mm/yyyy'));
insert into equipamentos (id, nome_equipamento, tipo, data_uso_inicio, data_uso_termino) values (3, 'Furadeira Black & Decker', 'Furadeira', TO_DATE('31/03/1993','dd/mm/yyyy'), TO_DATE('26/09/2004','dd/mm/yyyy'));
insert into equipamentos (id, nome_equipamento, tipo, data_uso_inicio, data_uso_termino) values (4, 'Transformador de Solda', 'Solda', TO_DATE('29/12/1973','dd/mm/yyyy'), TO_DATE('01/01/1998','dd/mm/yyyy'));
insert into equipamentos (id, nome_equipamento, tipo, data_uso_inicio, data_uso_termino) values (5, 'Bomba Centrífuga', 'Bombeamento', TO_DATE('27/08/1985','dd/mm/yyyy'), TO_DATE('30/05/1988','dd/mm/yyyy'));
insert into equipamentos (id, nome_equipamento, tipo, data_uso_inicio, data_uso_termino) values (6, 'Bomba Auto-Escorvante', 'Bombeamento', TO_DATE('13/02/1988','dd/mm/yyyy'), TO_DATE('05/03/1994','dd/mm/yyyy'));
insert into equipamentos (id, nome_equipamento, tipo, data_uso_inicio, data_uso_termino) values (7, 'Maçarico a Gás Rothenberber', 'Maçarico', TO_DATE('06/09/1979','dd/mm/yyyy'), TO_DATE('16/02/1999','dd/mm/yyyy'));
insert into equipamentos (id, nome_equipamento, tipo, data_uso_inicio, data_uso_termino) values (8, 'Regulador cilíndrico de Solda', 'Solda', TO_DATE('26/10/1982','dd/mm/yyyy'), TO_DATE('15/04/1995','dd/mm/yyyy'));
insert into equipamentos (id, nome_equipamento, tipo, data_uso_inicio, data_uso_termino) values (9, 'Bomba de Água', 'Bombeamento', TO_DATE('16/02/1963','dd/mm/yyyy'), TO_DATE('25/11/1972','dd/mm/yyyy'));
insert into equipamentos (id, nome_equipamento, tipo, data_uso_inicio, data_uso_termino) values (10, 'Bomba Auto Espirante', 'Bombeamento', TO_DATE('28/12/1968','dd/mm/yyyy'), TO_DATE('05/07/1977','dd/mm/yyyy'));
insert into equipamentos (id, nome_equipamento, tipo, data_uso_inicio, data_uso_termino) values (11, 'Parafusadeira Maquita', 'Peça de Montagem', TO_DATE('16/09/1955','dd/mm/yyyy'), TO_DATE('18/05/1967','dd/mm/yyyy'));
insert into equipamentos (id, nome_equipamento, tipo, data_uso_inicio, data_uso_termino) values (12, 'Soprador Térmico', 'Máquina Térmica', TO_DATE('08/02/1963','dd/mm/yyyy'), TO_DATE('01/03/1972','dd/mm/yyyy'));
insert into equipamentos (id, nome_equipamento, tipo, data_uso_inicio, data_uso_termino) values (13, 'Compressor de Ar Monofásico', 'Compressor', TO_DATE('09/10/1954','dd/mm/yyyy'), TO_DATE('09/08/1965','dd/mm/yyyy'));
insert into equipamentos (id, nome_equipamento, tipo, data_uso_inicio, data_uso_termino) values (14, 'Esmerilhadeira Angular', 'Esmerilhadeira', TO_DATE('09/05/1969','dd/mm/yyyy'), TO_DATE('22/05/1989','dd/mm/yyyy'));

insert into equipamentos (id, nome_equipamento, tipo, data_uso_inicio, data_uso_termino) values (15, 'Fonte Inversora de Solda', 'WMI 140ED 220V BAMBOZZI', TO_DATE('22/06/1968','dd/mm/yyyy'), TO_DATE('25/01/1979','dd/mm/yyyy'));
insert into equipamentos (id, nome_equipamento, tipo, data_uso_inicio, data_uso_termino) values (16, 'Fonte Inversora de Solda', 'DC - 110V BAMBOZZI', TO_DATE('26/01/2011','dd/mm/yyyy'), TO_DATE('20/08/2011','dd/mm/yyyy'));
insert into equipamentos (id, nome_equipamento, tipo, data_uso_inicio, data_uso_termino) values (17, 'Fonte Inversora de Solda', 'TIG DC 220V BALMER', TO_DATE('25/11/1950','dd/mm/yyyy'), TO_DATE('29/06/1969','dd/mm/yyyy'));
insert into equipamentos (id, nome_equipamento, tipo, data_uso_inicio, data_uso_termino) values (18, 'Fonte Inversora de Solda', 'Cabeçote 250A Trifásico', TO_DATE('16/08/1981','dd/mm/yyyy'), TO_DATE('28/05/1994','dd/mm/yyyy'));
insert into equipamentos (id, nome_equipamento, tipo, data_uso_inicio, data_uso_termino) values (19, 'Máquina de Solda', '150A 110V', TO_DATE('24/11/1979','dd/mm/yyyy'), TO_DATE('24/11/1998','dd/mm/yyyy'));
insert into equipamentos (id, nome_equipamento, tipo, data_uso_inicio, data_uso_termino) values (20, 'Máquina de Solda', 'MIG130 MIG/MAG0', TO_DATE('17/10/1970','dd/mm/yyyy'), TO_DATE('20/02/1984','dd/mm/yyyy'));
insert into equipamentos (id, nome_equipamento, tipo, data_uso_inicio, data_uso_termino) values (21, 'Máquina de Solda', '150A 220V WORKER-1002', TO_DATE('06/04/1999','dd/mm/yyyy'), TO_DATE('21/09/2002','dd/mm/yyyy'));
insert into equipamentos (id, nome_equipamento, tipo, data_uso_inicio, data_uso_termino) values (22, 'Máquina de Solda', '150A 220V WORKER-1548', TO_DATE('19/04/1965','dd/mm/yyyy'), TO_DATE('26/01/1975','dd/mm/yyyy'));
insert into equipamentos (id, nome_equipamento, tipo, data_uso_inicio, data_uso_termino) values (23, 'Regulador de Oxigênio', 'OMEGA-0250123456', TO_DATE('28/01/1952','dd/mm/yyyy'), TO_DATE('08/11/1974','dd/mm/yyyy'));
insert into equipamentos (id, nome_equipamento, tipo, data_uso_inicio, data_uso_termino) values (24, 'Regulador de Oxigênio', 'OMEGA-0250910008', TO_DATE('22/11/1975','dd/mm/yyyy'), TO_DATE('08/03/1984','dd/mm/yyyy'));
insert into equipamentos (id, nome_equipamento, tipo, data_uso_inicio, data_uso_termino) values (25, 'Regulador de Oxigênio', 'OHM-1203601708', TO_DATE('19/05/1994','dd/mm/yyyy'), TO_DATE('22/08/2015','dd/mm/yyyy'));
insert into equipamentos (id, nome_equipamento, tipo, data_uso_inicio, data_uso_termino) values (26, 'Regulador de Oxigênio', 'OHM-7548928874', TO_DATE('11/11/2004','dd/mm/yyyy'), TO_DATE('07/12/2010','dd/mm/yyyy'));
insert into equipamentos (id, nome_equipamento, tipo, data_uso_inicio, data_uso_termino) values (27, 'Máquina de Solda', 'MIG130 MIG/MAG', TO_DATE('10/02/1999','dd/mm/yyyy'), TO_DATE('13/12/2014','dd/mm/yyyy'));
insert into equipamentos (id, nome_equipamento, tipo, data_uso_inicio, data_uso_termino) values (28, 'Máquina de Solda', 'MIG130 MIG/MAG 220V', TO_DATE('29/08/1955','dd/mm/yyyy'), TO_DATE('07/01/1967','dd/mm/yyyy'));
insert into equipamentos (id, nome_equipamento, tipo, data_uso_inicio, data_uso_termino) values (29, 'Fonte Inversora de Solda', 'DC - 110V BAMBOZZI', TO_DATE('05/04/1975','dd/mm/yyyy'), TO_DATE('06/07/1984','dd/mm/yyyy'));
insert into equipamentos (id, nome_equipamento, tipo, data_uso_inicio, data_uso_termino) values (30, 'Fonte Inversora de Solda', 'DC - 110V BAMBOZZI', TO_DATE('06/06/1982','dd/mm/yyyy'), TO_DATE('15/11/1993','dd/mm/yyyy'));

/* compras_equipamentos */

insert into compras_equipamentos (equipamento_id, setor_id, funcionario_cpf) values (2, 1, '06234438765');
insert into compras_equipamentos (equipamento_id, setor_id, funcionario_cpf) values (3, 1, '88140983799');
insert into compras_equipamentos (equipamento_id, setor_id, funcionario_cpf) values (2, 1, '90752904834');
insert into compras_equipamentos (equipamento_id, setor_id, funcionario_cpf) values (1, 1, '84865465963');
insert into compras_equipamentos (equipamento_id, setor_id, funcionario_cpf) values (10, 4, '73235295212');
insert into compras_equipamentos (equipamento_id, setor_id, funcionario_cpf) values (9, 3, '88838233153');
insert into compras_equipamentos (equipamento_id, setor_id, funcionario_cpf) values (8, 3, '57424468667');
insert into compras_equipamentos (equipamento_id, setor_id, funcionario_cpf) values (7, 3, '94183732742');
insert into compras_equipamentos (equipamento_id, setor_id, funcionario_cpf) values (4, 2, '42025593625');
insert into compras_equipamentos (equipamento_id, setor_id, funcionario_cpf) values (5, 2, '31988589642');
insert into compras_equipamentos (equipamento_id, setor_id, funcionario_cpf) values (15, 5, '97268251891');
insert into compras_equipamentos (equipamento_id, setor_id, funcionario_cpf) values (25, 9, '57158935832');
insert into compras_equipamentos (equipamento_id, setor_id, funcionario_cpf) values (23, 8, '80817022099');
insert into compras_equipamentos (equipamento_id, setor_id, funcionario_cpf) values (12, 4, '99053717997');
insert into compras_equipamentos (equipamento_id, setor_id, funcionario_cpf) values (17, 6, '25104679287');
insert into compras_equipamentos (equipamento_id, setor_id, funcionario_cpf) values (30, 10, '28328322904');
insert into compras_equipamentos (equipamento_id, setor_id, funcionario_cpf) values (25, 9, '44160467456');
insert into compras_equipamentos (equipamento_id, setor_id, funcionario_cpf) values (7, 3, '79859148466');
insert into compras_equipamentos (equipamento_id, setor_id, funcionario_cpf) values (28, 10, '04910256448');

/* manutencoes_equipamentos */

insert into manutencoes_equipamentos (equipamento_id, data, situacao) values (1, TO_DATE('24/11/1985','dd/mm/yyyy'), 'CONCLUIDA');
insert into manutencoes_equipamentos (equipamento_id, data, situacao) values (2, TO_DATE('11/04/1964','dd/mm/yyyy'), 'PENDENTE');
insert into manutencoes_equipamentos (equipamento_id, data, situacao) values (3, TO_DATE('05/10/1997','dd/mm/yyyy'), 'PENDENTE');
insert into manutencoes_equipamentos (equipamento_id, data, situacao) values (4, TO_DATE('15/06/1980','dd/mm/yyyy'), 'EM ANDAMENTO');
insert into manutencoes_equipamentos (equipamento_id, data, situacao) values (5, TO_DATE('19/09/1986','dd/mm/yyyy'), 'EM ANDAMENTO');
insert into manutencoes_equipamentos (equipamento_id, data, situacao) values (6, TO_DATE('09/06/1991','dd/mm/yyyy'), 'CONCLUIDA');
insert into manutencoes_equipamentos (equipamento_id, data, situacao) values (7, TO_DATE('26/12/1990','dd/mm/yyyy'), 'PENDENTE');
insert into manutencoes_equipamentos (equipamento_id, data, situacao) values (8, TO_DATE('04/11/1984','dd/mm/yyyy'), 'EM ANDAMENTO');
insert into manutencoes_equipamentos (equipamento_id, data, situacao) values (9, TO_DATE('16/03/1969','dd/mm/yyyy'), 'EM ANDAMENTO');
insert into manutencoes_equipamentos (equipamento_id, data, situacao) values (10, TO_DATE('24/10/1972','dd/mm/yyyy'), 'CONCLUIDA');
insert into manutencoes_equipamentos (equipamento_id, data, situacao) values (11, TO_DATE('01/09/1966','dd/mm/yyyy'), 'EM ANDAMENTO');
insert into manutencoes_equipamentos (equipamento_id, data, situacao) values (12, TO_DATE('10/03/1963','dd/mm/yyyy'), 'PENDENTE');
insert into manutencoes_equipamentos (equipamento_id, data, situacao) values (13, TO_DATE('11/06/1962','dd/mm/yyyy'), 'PENDENTE');
insert into manutencoes_equipamentos (equipamento_id, data, situacao) values (14, TO_DATE('30/10/1979','dd/mm/yyyy'), 'EM ANDAMENTO');
insert into manutencoes_equipamentos (equipamento_id, data, situacao) values (15, TO_DATE('07/08/1970','dd/mm/yyyy'), 'EM ANDAMENTO');
insert into manutencoes_equipamentos (equipamento_id, data, situacao) values (16, TO_DATE('13/06/2011','dd/mm/yyyy'), 'PENDENTE');
insert into manutencoes_equipamentos (equipamento_id, data, situacao) values (17, TO_DATE('04/10/1952','dd/mm/yyyy'), 'CONCLUIDA');
insert into manutencoes_equipamentos (equipamento_id, data, situacao) values (18, TO_DATE('19/02/1991','dd/mm/yyyy'), 'EM ANDAMENTO');
insert into manutencoes_equipamentos (equipamento_id, data, situacao) values (19, TO_DATE('11/09/1988','dd/mm/yyyy'), 'CONCLUIDA');
insert into manutencoes_equipamentos (equipamento_id, data, situacao) values (20, TO_DATE('12/08/1978','dd/mm/yyyy'), 'EM ANDAMENTO');
insert into manutencoes_equipamentos (equipamento_id, data, situacao) values (21, TO_DATE('19/10/2001','dd/mm/yyyy'), 'EM ANDAMENTO');
insert into manutencoes_equipamentos (equipamento_id, data, situacao) values (22, TO_DATE('08/11/1971','dd/mm/yyyy'), 'CONCLUIDA');
insert into manutencoes_equipamentos (equipamento_id, data, situacao) values (23, TO_DATE('30/03/1963','dd/mm/yyyy'), 'CONCLUIDA');
insert into manutencoes_equipamentos (equipamento_id, data, situacao) values (24, TO_DATE('16/04/1979','dd/mm/yyyy'), 'EM ANDAMENTO');
insert into manutencoes_equipamentos (equipamento_id, data, situacao) values (25, TO_DATE('23/05/2012','dd/mm/yyyy'), 'CONCLUIDA');
insert into manutencoes_equipamentos (equipamento_id, data, situacao) values (26, TO_DATE('02/11/2007','dd/mm/yyyy'), 'EM ANDAMENTO');
insert into manutencoes_equipamentos (equipamento_id, data, situacao) values (27, TO_DATE('20/01/2000','dd/mm/yyyy'), 'EM ANDAMENTO');
insert into manutencoes_equipamentos (equipamento_id, data, situacao) values (28, TO_DATE('07/02/1960','dd/mm/yyyy'), 'EM ANDAMENTO');
insert into manutencoes_equipamentos (equipamento_id, data, situacao) values (29, TO_DATE('23/06/1983','dd/mm/yyyy'), 'EM ANDAMENTO');
insert into manutencoes_equipamentos (equipamento_id, data, situacao) values (30, TO_DATE('02/01/1990','dd/mm/yyyy'), 'CONCLUIDA');

/* solicitacoes_projetos */

insert into solicitacoes_projetos (projeto_id, embarcacao_certificado, cliente_cnpj, data) values (1, '6686256566744014', '32771001010862', TO_DATE('24/07/1975','dd/mm/yyyy'));
insert into solicitacoes_projetos (projeto_id, embarcacao_certificado, cliente_cnpj, data) values (2, '3483008998238951', '75721366166563', TO_DATE('06/09/2004','dd/mm/yyyy'));
insert into solicitacoes_projetos (projeto_id, embarcacao_certificado, cliente_cnpj, data) values (3, '1858278084503792', '35480432803963', TO_DATE('05/01/2008','dd/mm/yyyy'));
insert into solicitacoes_projetos (projeto_id, embarcacao_certificado, cliente_cnpj, data) values (4, '2058105563559733', '40824079424045', TO_DATE('21/07/1989','dd/mm/yyyy'));
insert into solicitacoes_projetos (projeto_id, embarcacao_certificado, cliente_cnpj, data) values (5, '3010386456443800', '50997772767181', TO_DATE('24/11/1987','dd/mm/yyyy'));
insert into solicitacoes_projetos (projeto_id, embarcacao_certificado, cliente_cnpj, data) values (6, '6894233464033459', '61841660367260', TO_DATE('13/03/2009','dd/mm/yyyy'));
insert into solicitacoes_projetos (projeto_id, embarcacao_certificado, cliente_cnpj, data) values (7, '3977665514774184', '57290869110659', TO_DATE('18/05/2001','dd/mm/yyyy'));
insert into solicitacoes_projetos (projeto_id, embarcacao_certificado, cliente_cnpj, data) values (8, '4709306226415695', '26990196975153', TO_DATE('30/03/2013','dd/mm/yyyy'));
insert into solicitacoes_projetos (projeto_id, embarcacao_certificado, cliente_cnpj, data) values (9, '7663040196268442', '94395785501995', TO_DATE('26/07/1985','dd/mm/yyyy'));
insert into solicitacoes_projetos (projeto_id, embarcacao_certificado, cliente_cnpj, data) values (10,'5560728405647844', '46168389687831', TO_DATE('07/07/1964','dd/mm/yyyy'));
