/* funcionarios */
insert into funcionarios (cpf, cpf_super, nome, data_admissao, data_nascimento) values ('06234438765', NULL, 'Walter White', TO_DATE('04/09/2010','dd/mm/yyyy'), TO_DATE('04/09/1986','dd/mm/yyyy'));
insert into funcionarios (cpf, cpf_super, nome, data_admissao, data_nascimento) values ('88140983799', NULL, 'Jesse Pinkman', TO_DATE('04/09/2010','dd/mm/yyyy'), TO_DATE('04/09/1986','dd/mm/yyyy'));
insert into funcionarios (cpf, cpf_super, nome, data_admissao, data_nascimento) values ('90752904834', '06234438765', 'Todd Price', TO_DATE('04/09/1986', 'dd/mm/yyyy'), TO_DATE('04/09/1986', 'dd/mm/yyyy'));
insert into funcionarios (cpf, cpf_super, nome, data_admissao, data_nascimento) values ('84865465963', '06234438765', 'Laura Thompson', TO_DATE('04/09/1986', 'dd/mm/yyyy'), TO_DATE('04/09/1986', 'dd/mm/yyyy'));
insert into funcionarios (cpf, cpf_super, nome, data_admissao, data_nascimento) values ('73235295212', '06234438765', 'Nancy Greene', TO_DATE('04/09/1986', 'dd/mm/yyyy'), TO_DATE('04/09/1986', 'dd/mm/yyyy'));
insert into funcionarios (cpf, cpf_super, nome, data_admissao, data_nascimento) values ('88838233153', '06234438765', 'Richard Palmer', TO_DATE('04/09/1986', 'dd/mm/yyyy'), TO_DATE('04/09/1986', 'dd/mm/yyyy'));
insert into funcionarios (cpf, cpf_super, nome, data_admissao, data_nascimento) values ('57424468667', '06234438765', 'Irene Nelson', TO_DATE('04/09/1986', 'dd/mm/yyyy'), TO_DATE('04/09/1986', 'dd/mm/yyyy'));
insert into funcionarios (cpf, cpf_super, nome, data_admissao, data_nascimento) values ('94183732742', '06234438765', 'Craig Marshall', TO_DATE('04/09/1986', 'dd/mm/yyyy'), TO_DATE('04/09/1986', 'dd/mm/yyyy'));
insert into funcionarios (cpf, cpf_super, nome, data_admissao, data_nascimento) values ('42025593625', '06234438765', 'Dennis Morrison', TO_DATE('04/09/1986', 'dd/mm/yyyy'), TO_DATE('04/09/1986', 'dd/mm/yyyy'));
insert into funcionarios (cpf, cpf_super, nome, data_admissao, data_nascimento) values ('31988589642', '06234438765', 'Earl Jenkins', TO_DATE('04/09/1986', 'dd/mm/yyyy'), TO_DATE('04/09/1986', 'dd/mm/yyyy'));
insert into funcionarios (cpf, cpf_super, nome, data_admissao, data_nascimento) values ('97268251891', '06234438765', 'Lois Davis', TO_DATE('04/09/1986', 'dd/mm/yyyy'), TO_DATE('04/09/1986', 'dd/mm/yyyy'));
insert into funcionarios (cpf, cpf_super, nome, data_admissao, data_nascimento) values ('57158935832', '06234438765', 'Evelyn Banks', TO_DATE('04/09/1986', 'dd/mm/pauyyyy'), TO_DATE('04/09/1986', 'dd/mm/yyyy'));
insert into funcionarios (cpf, cpf_super, nome, data_admissao, data_nascimento) values ('80817022099', '06234438765', 'Elizabeth Ortiz', TO_DATE('04/09/1986', 'dd/mm/yyyy'), TO_DATE('04/09/1986', 'dd/mm/yyyy'));
insert into funcionarios (cpf, cpf_super, nome, data_admissao, data_nascimento) values ('99053717997', '06234438765', 'Eugene Jenkins', TO_DATE('04/09/1986', 'dd/mm/yyyy'), TO_DATE('04/09/1986', 'dd/mm/yyyy'));
insert into funcionarios (cpf, cpf_super, nome, data_admissao, data_nascimento) values ('52806078197', '06234438765', 'Kathleen Baker', TO_DATE('04/09/1986', 'dd/mm/yyyy'), TO_DATE('04/09/1986', 'dd/mm/yyyy'));
insert into funcionarios (cpf, cpf_super, nome, data_admissao, data_nascimento) values ('93366940787', '06234438765', 'Richard Mason', TO_DATE('04/09/1986', 'dd/mm/yyyy'), TO_DATE('04/09/1986', 'dd/mm/yyyy'));
insert into funcionarios (cpf, cpf_super, nome, data_admissao, data_nascimento) values ('19392779618', '06234438765', 'Bruce Hicks', TO_DATE('04/09/1986', 'dd/mm/yyyy'), TO_DATE('04/09/1986', 'dd/mm/yyyy'));
insert into funcionarios (cpf, cpf_super, nome, data_admissao, data_nascimento) values ('66886800515', '06234438765', 'Jessica Rogers', TO_DATE('04/09/1986', 'dd/mm/yyyy'), TO_DATE('04/09/1986', 'dd/mm/yyyy'));
insert into funcionarios (cpf, cpf_super, nome, data_admissao, data_nascimento) values ('90746704523', '06234438765', 'Aaron Marshall', TO_DATE('04/09/1986', 'dd/mm/yyyy'), TO_DATE('04/09/1986', 'dd/mm/yyyy'));
insert into funcionarios (cpf, cpf_super, nome, data_admissao, data_nascimento) values ('48671138077', '06234438765', 'Christopher Day', TO_DATE('04/09/1986', 'dd/mm/yyyy'), TO_DATE('04/09/1986', 'dd/mm/yyyy'));
insert into funcionarios (cpf, cpf_super, nome, data_admissao, data_nascimento) values ('09677549050', '06234438765', 'Joseph Lewis', TO_DATE('04/09/1986', 'dd/mm/yyyy'), TO_DATE('04/09/1986', 'dd/mm/yyyy'));
insert into funcionarios (cpf, cpf_super, nome, data_admissao, data_nascimento) values ('25104679287', '06234438765', 'Andrew Barnes', TO_DATE('04/09/1986', 'dd/mm/yyyy'), TO_DATE('04/09/1986', 'dd/mm/yyyy'));
insert into funcionarios (cpf, cpf_super, nome, data_admissao, data_nascimento) values ('55223845862', '88140983799', 'Bruce Gilbert', TO_DATE('04/09/1986', 'dd/mm/yyyy'), TO_DATE('04/09/1986', 'dd/mm/yyyy'));
insert into funcionarios (cpf, cpf_super, nome, data_admissao, data_nascimento) values ('14400581772', '88140983799', 'Philip Howell', TO_DATE('04/09/1986', 'dd/mm/yyyy'), TO_DATE('04/09/1986', 'dd/mm/yyyy'));
insert into funcionarios (cpf, cpf_super, nome, data_admissao, data_nascimento) values ('16629828403', '88140983799', 'Antonio Hunt', TO_DATE('04/09/1986', 'dd/mm/yyyy'), TO_DATE('04/09/1986', 'dd/mm/yyyy'));
insert into funcionarios (cpf, cpf_super, nome, data_admissao, data_nascimento) values ('28328322904', '88140983799', 'Evelyn Andrews', TO_DATE('04/09/1986', 'dd/mm/yyyy'), TO_DATE('04/09/1986', 'dd/mm/yyyy'));
insert into funcionarios (cpf, cpf_super, nome, data_admissao, data_nascimento) values ('77206501260', '88140983799', 'Paul Smith', TO_DATE('04/09/1986', 'dd/mm/yyyy'), TO_DATE('04/09/1986', 'dd/mm/yyyy'));
insert into funcionarios (cpf, cpf_super, nome, data_admissao, data_nascimento) values ('12230884090', '88140983799', 'Willie Jackson', TO_DATE('04/09/1986', 'dd/mm/yyyy'), TO_DATE('04/09/1986', 'dd/mm/yyyy'));
insert into funcionarios (cpf, cpf_super, nome, data_admissao, data_nascimento) values ('10705340017', '88140983799', 'Patrick Reid', TO_DATE('04/09/1986', 'dd/mm/yyyy'), TO_DATE('04/09/1986', 'dd/mm/yyyy'));
insert into funcionarios (cpf, cpf_super, nome, data_admissao, data_nascimento) values ('44160467456', '88140983799', 'Angela Carroll', TO_DATE('04/09/1986', 'dd/mm/yyyy'), TO_DATE('04/09/1986', 'dd/mm/yyyy'));
insert into funcionarios (cpf, cpf_super, nome, data_admissao, data_nascimento) values ('79859148466', '88140983799', 'Paul Nguyen', TO_DATE('04/09/1986', 'dd/mm/yyyy'), TO_DATE('04/09/1986', 'dd/mm/yyyy'));
insert into funcionarios (cpf, cpf_super, nome, data_admissao, data_nascimento) values ('04910256448', '88140983799', 'Eric Simmons', TO_DATE('04/09/1986', 'dd/mm/yyyy'), TO_DATE('04/09/1986', 'dd/mm/yyyy'));
insert into funcionarios (cpf, cpf_super, nome, data_admissao, data_nascimento) values ('89851302606', '88140983799', 'Aaron Myers', TO_DATE('04/09/1986', 'dd/mm/yyyy'), TO_DATE('04/09/1986', 'dd/mm/yyyy'));
insert into funcionarios (cpf, cpf_super, nome, data_admissao, data_nascimento) values ('68788809434', '88140983799', 'Scott Adams', TO_DATE('04/09/1986', 'dd/mm/yyyy'), TO_DATE('04/09/1986', 'dd/mm/yyyy'));
insert into funcionarios (cpf, cpf_super, nome, data_admissao, data_nascimento) values ('92346383395', '88140983799', 'Lori Parker', TO_DATE('04/09/1986', 'dd/mm/yyyy'), TO_DATE('04/09/1986', 'dd/mm/yyyy'));
insert into funcionarios (cpf, cpf_super, nome, data_admissao, data_nascimento) values ('13574644097', '88140983799', 'Michelle Romero', TO_DATE('04/09/1986', 'dd/mm/yyyy'), TO_DATE('04/09/1986', 'dd/mm/yyyy'));
insert into funcionarios (cpf, cpf_super, nome, data_admissao, data_nascimento) values ('12060045245', '88140983799', 'Henry Cole', TO_DATE('04/09/1986', 'dd/mm/yyyy'), TO_DATE('04/09/1986', 'dd/mm/yyyy'));
insert into funcionarios (cpf, cpf_super, nome, data_admissao, data_nascimento) values ('92496388053', '88140983799', 'Scott Vasquez', TO_DATE('04/09/1986', 'dd/mm/yyyy'), TO_DATE('04/09/1986', 'dd/mm/yyyy'));
insert into funcionarios (cpf, cpf_super, nome, data_admissao, data_nascimento) values ('15302830862', '88140983799', 'Carolyn Bailey', TO_DATE('04/09/1986', 'dd/mm/yyyy'), TO_DATE('04/09/1986', 'dd/mm/yyyy'));
insert into funcionarios (cpf, cpf_super, nome, data_admissao, data_nascimento) values ('37608581276', '88140983799', 'Virginia Freeman', TO_DATE('04/09/1986', 'dd/mm/yyyy'), TO_DATE('04/09/1986', 'dd/mm/yyyy'));

/* telefones_funcionarios */

insert into telefones_funcionarios (funcionario_cpf, fone) values ('90752904834', '73-955851930');
insert into telefones_funcionarios (funcionario_cpf, fone) values ('88140983799', '86-544220923');
insert into telefones_funcionarios (funcionario_cpf, fone) values ('06234438765', '67-593225915');
insert into telefones_funcionarios (funcionario_cpf, fone) values ('84865465963', '30-966035845');
insert into telefones_funcionarios (funcionario_cpf, fone) values ('73235295212', '12-305231025');
insert into telefones_funcionarios (funcionario_cpf, fone) values ('88838233153', '58-128915989');
insert into telefones_funcionarios (funcionario_cpf, fone) values ('57424468667', '69-089661833');
insert into telefones_funcionarios (funcionario_cpf, fone) values ('94183732742', '01-082838113');
insert into telefones_funcionarios (funcionario_cpf, fone) values ('42025593625', '10-716206606');
insert into telefones_funcionarios (funcionario_cpf, fone) values ('31988589642', '49-576866426');
insert into telefones_funcionarios (funcionario_cpf, fone) values ('97268251891', '59-019463948');
insert into telefones_funcionarios (funcionario_cpf, fone) values ('57158935832', '83-493926329');
insert into telefones_funcionarios (funcionario_cpf, fone) values ('80817022099', '64-874254541');
insert into telefones_funcionarios (funcionario_cpf, fone) values ('99053717997', '97-174478839');
insert into telefones_funcionarios (funcionario_cpf, fone) values ('52806078197', '06-915249410');
insert into telefones_funcionarios (funcionario_cpf, fone) values ('93366940787', '11-653120573');
insert into telefones_funcionarios (funcionario_cpf, fone) values ('19392779618', '47-775980291');
insert into telefones_funcionarios (funcionario_cpf, fone) values ('66886800515', '33-158219829');
insert into telefones_funcionarios (funcionario_cpf, fone) values ('90746704523', '42-572442986');
insert into telefones_funcionarios (funcionario_cpf, fone) values ('48671138077', '23-474682320');
insert into telefones_funcionarios (funcionario_cpf, fone) values ('09677549050', '38-083558365');
insert into telefones_funcionarios (funcionario_cpf, fone) values ('25104679287', '74-739842145');
insert into telefones_funcionarios (funcionario_cpf, fone) values ('55223845862', '72-689677057');
insert into telefones_funcionarios (funcionario_cpf, fone) values ('14400581772', '11-184057062');
insert into telefones_funcionarios (funcionario_cpf, fone) values ('16629828403', '38-451129023');
insert into telefones_funcionarios (funcionario_cpf, fone) values ('28328322904', '34-576510381');
insert into telefones_funcionarios (funcionario_cpf, fone) values ('77206501260', '99-357419494');
insert into telefones_funcionarios (funcionario_cpf, fone) values ('77206501260', '44-563702997');
insert into telefones_funcionarios (funcionario_cpf, fone) values ('10705340017', '24-567714659');
insert into telefones_funcionarios (funcionario_cpf, fone) values ('44160467456', '79-496267747');
insert into telefones_funcionarios (funcionario_cpf, fone) values ('79859148466', '52-016256469');
insert into telefones_funcionarios (funcionario_cpf, fone) values ('04910256448', '64-540562398');
insert into telefones_funcionarios (funcionario_cpf, fone) values ('89851302606', '73-462204136');
insert into telefones_funcionarios (funcionario_cpf, fone) values ('68788809434', '60-693345220');
insert into telefones_funcionarios (funcionario_cpf, fone) values ('92346383395', '07-585280716');
insert into telefones_funcionarios (funcionario_cpf, fone) values ('13574644097', '67-800006041');
insert into telefones_funcionarios (funcionario_cpf, fone) values ('12060045245', '29-870322054');
insert into telefones_funcionarios (funcionario_cpf, fone) values ('92496388053', '00-212047640');
insert into telefones_funcionarios (funcionario_cpf, fone) values ('15302830862', '60-527889060');
insert into telefones_funcionarios (funcionario_cpf, fone) values ('37608581276', '11-662021709');

/* enderecos_funcionarios */
insert into enderecos_funcionarios (funcionario_cpf, cep, descricao) values ('37608581276', 24002419, 'Cras in purus eu magna vulputate luctus.');
insert into enderecos_funcionarios (funcionario_cpf, cep, descricao) values ('15302830862', 47146819, 'Suspendisse potenti.');
insert into enderecos_funcionarios (funcionario_cpf, cep, descricao) values ('92496388053', 21162509, 'Duis mattis egestas metus.');
insert into enderecos_funcionarios (funcionario_cpf, cep, descricao) values ('12060045245', 40037681, 'Ut tellus.');
insert into enderecos_funcionarios (funcionario_cpf, cep, descricao) values ('13574644097', 28554775, 'Nunc rhoncus dui vel sem.');
insert into enderecos_funcionarios (funcionario_cpf, cep, descricao) values ('92346383395', 21147608, 'Nunc rhoncus dui vel sem.');
insert into enderecos_funcionarios (funcionario_cpf, cep, descricao) values ('68788809434', 24931142, 'In hac habitasse platea dictumst.');
insert into enderecos_funcionarios (funcionario_cpf, cep, descricao) values ('89851302606', 19687243, 'Nunc rhoncus dui vel sem.');
insert into enderecos_funcionarios (funcionario_cpf, cep, descricao) values ('04910256448', 40984189, 'Suspendisse accumsan tortor quis turpis.');
insert into enderecos_funcionarios (funcionario_cpf, cep, descricao) values ('79859148466', 48939700, 'Nulla ac enim.');
insert into enderecos_funcionarios (funcionario_cpf, cep, descricao) values ('77206501260', 15676650, 'Maecenas ut massa quis augue luctus tincidunt.');
insert into enderecos_funcionarios (funcionario_cpf, cep, descricao) values ('44160467456', 58569663, 'Duis at velit eu est congue elementum.');
insert into enderecos_funcionarios (funcionario_cpf, cep, descricao) values ('10705340017', 20749684, 'Duis at velit eu est congue elementum.');
insert into enderecos_funcionarios (funcionario_cpf, cep, descricao) values ('28328322904', 31103687, 'Praesent id massa id nisl venenatis lacinia.');
insert into enderecos_funcionarios (funcionario_cpf, cep, descricao) values ('16629828403', 41382473, 'Duis at velit eu est congue elementum.');
insert into enderecos_funcionarios (funcionario_cpf, cep, descricao) values ('14400581772', 16239833, 'Sed ante.');
insert into enderecos_funcionarios (funcionario_cpf, cep, descricao) values ('55223845862', 28887159, 'Cras mi pede, malesuada in, imperdiet et, commodo vulputate, justo.');
insert into enderecos_funcionarios (funcionario_cpf, cep, descricao) values ('25104679287', 47335459, 'Donec ut dolor.');
insert into enderecos_funcionarios (funcionario_cpf, cep, descricao) values ('09677549050', 31119034, 'Duis mattis egestas metus.');
insert into enderecos_funcionarios (funcionario_cpf, cep, descricao) values ('48671138077', 49272302, 'Duis at velit eu est congue elementum.');

/* setores */

insert into setores (id, nome_setor, descricao) values (1, 'Almoxarifado', 'Flavoxate Hydrochloride');
insert into setores (id, nome_setor, descricao) values (2, 'Recursos Humanos', 'Nystatin');
insert into setores (id, nome_setor, descricao) values (3, 'Financeiro', 'Avobenzone, Homosalate, Ocinoxate, Octisalate, Octocrylene, Oxybenzone');
insert into setores (id, nome_setor, descricao) values (4, 'Soldagem', 'METFORMIN HYDROCHLORIDE');
insert into setores (id, nome_setor, descricao) values (5, 'Pintura', 'Acetaminophen');
insert into setores (id, nome_setor, descricao) values (6, '', 'Avobenzone, Octisalate and Octocrylene');
insert into setores (id, nome_setor, descricao) values (7, 'Leexo', 'ETHYL ALCOHOL');
insert into setores (id, nome_setor, descricao) values (8, 'Dabvine', 'Ursodiol');
insert into setores (id, nome_setor, descricao) values (9, 'Thoughtbridge', 'LACTULOSE');
insert into setores (id, nome_setor, descricao) values (9, 'Thoughtbridge', 'LACTULOSE');

/* responsaveis_setores */

insert into responsaveis_setores (funcionario_cpf, setor_id) values ('90752904834', 1);
insert into responsaveis_setores (funcionario_cpf, setor_id) values ('88140983799', 2);
insert into responsaveis_setores (funcionario_cpf, setor_id) values ('37608581276', 3);
insert into responsaveis_setores (funcionario_cpf, setor_id) values ('15302830862', 4);
insert into responsaveis_setores (funcionario_cpf, setor_id) values ('92496388053', 5);
insert into responsaveis_setores (funcionario_cpf, setor_id) values ('12060045245', 6);
insert into responsaveis_setores (funcionario_cpf, setor_id) values ('13574644097', 7);
insert into responsaveis_setores (funcionario_cpf, setor_id) values ('92346383395', 8);
insert into responsaveis_setores (funcionario_cpf, setor_id) values ('68788809434', 9);
insert into responsaveis_setores (funcionario_cpf, setor_id) values ('89851302606', 10);

/* projetos */

insert into projetos (id, nome , descricao, orcamento, data_inicio, data_previsao_termino, data_termino) values (1, '[:last_name]ascxdcvwdv', '[:first_name]asasas', 702.88, TO_DATE('04/09/1986', 'dd/mm/yyyy'), TO_DATE('04/09/1986', 'dd/mm/yyyy'), TO_DATE('04/09/1986', 'dd/mm/yyyy'));
insert into projetos (id, nome , descricao, orcamento, data_inicio, data_previsao_termino, data_termino) values (2, '[:last_name]ascxdcvwdv', '[:first_name]asasas', 410.81, TO_DATE('04/09/1986', 'dd/mm/yyyy'), TO_DATE('04/09/1986', 'dd/mm/yyyy'), TO_DATE('04/09/1986', 'dd/mm/yyyy'));
insert into projetos (id, nome , descricao, orcamento, data_inicio, data_previsao_termino, data_termino) values (3, '[:last_name]ascxdcvwdv', '[:first_name]asasas', 345.33, TO_DATE('04/09/1986', 'dd/mm/yyyy'), TO_DATE('04/09/1986', 'dd/mm/yyyy'), TO_DATE('04/09/1986', 'dd/mm/yyyy'));
insert into projetos (id, nome , descricao, orcamento, data_inicio, data_previsao_termino, data_termino) values (4, '[:last_name]ascxdcvwdv', '[:first_name]asasas', 985.4, TO_DATE('04/09/1986', 'dd/mm/yyyy'), TO_DATE('04/09/1986', 'dd/mm/yyyy'), TO_DATE('04/09/1986', 'dd/mm/yyyy'));
insert into projetos (id, nome , descricao, orcamento, data_inicio, data_previsao_termino, data_termino) values (5, '[:last_name]ascxdcvwdv', '[:first_name]asasas', 969.97, TO_DATE('04/09/1986', 'dd/mm/yyyy'), TO_DATE('04/09/1986', 'dd/mm/yyyy'), TO_DATE('04/09/1986', 'dd/mm/yyyy'));
insert into projetos (id, nome , descricao, orcamento, data_inicio, data_previsao_termino, data_termino) values (6, '[:last_name]ascxdcvwdv', '[:first_name]asasas', 572.65, TO_DATE('04/09/1986', 'dd/mm/yyyy'), TO_DATE('04/09/1986', 'dd/mm/yyyy'), TO_DATE('04/09/1986', 'dd/mm/yyyy'));
insert into projetos (id, nome , descricao, orcamento, data_inicio, data_previsao_termino, data_termino) values (7, '[:last_name]ascxdcvwdv', '[:first_name]asasas', 475.59, TO_DATE('04/09/1986', 'dd/mm/yyyy'), TO_DATE('04/09/1986', 'dd/mm/yyyy'), TO_DATE('04/09/1986', 'dd/mm/yyyy'));
insert into projetos (id, nome , descricao, orcamento, data_inicio, data_previsao_termino, data_termino) values (8, '[:last_name]ascxdcvwdv', '[:first_name]asasas', 510.23, TO_DATE('04/09/1986', 'dd/mm/yyyy'), TO_DATE('04/09/1986', 'dd/mm/yyyy'), TO_DATE('04/09/1986', 'dd/mm/yyyy'));
insert into projetos (id, nome , descricao, orcamento, data_inicio, data_previsao_termino, data_termino) values (9, '[:last_name]ascxdcvwdv', '[:first_name]asasas', 142.74, TO_DATE('04/09/1986', 'dd/mm/yyyy'), TO_DATE('04/09/1986', 'dd/mm/yyyy'), TO_DATE('04/09/1986', 'dd/mm/yyyy'));
insert into projetos (id, nome , descricao, orcamento, data_inicio, data_previsao_termino, data_termino) values (10, '[:last_name]ascxdcvwdv', '[:first_name]asasas', 233.11, TO_DATE('04/09/1986', 'dd/mm/yyyy'), TO_DATE('04/09/1986', 'dd/mm/yyyy'), TO_DATE('04/09/1986', 'dd/mm/yyyy'));

/* projetos_criacoes */

insert into projetos_criacoes (id, modelagem) values (1, 'YpC90tTIc');
insert into projetos_criacoes (id, modelagem) values (2, 'vJo5TaA4dl');
insert into projetos_criacoes (id, modelagem) values (3, 'sUDQ5g');
insert into projetos_criacoes (id, modelagem) values (4, 'CiDt8DyCa');
insert into projetos_criacoes (id, modelagem) values (5, 'W5W32rDu');

/* projetos_restauracoes */

insert into projetos_restauracoes  (id, partes_reutilizadas , partes_descartadas ) values (1, 1, 1);
insert into projetos_restauracoes  (id, partes_reutilizadas , partes_descartadas ) values (2, 2, 2);
insert into projetos_restauracoes  (id, partes_reutilizadas , partes_descartadas ) values (3, 3, 3);
insert into projetos_restauracoes  (id, partes_reutilizadas , partes_descartadas ) values (4, 4, 4);
insert into projetos_restauracoes  (id, partes_reutilizadas , partes_descartadas ) values (5, 5, 5);
insert into projetos_restauracoes  (id, partes_reutilizadas , partes_descartadas ) values (6, 6, 6);
insert into projetos_restauracoes  (id, partes_reutilizadas , partes_descartadas ) values (7, 7, 7);
insert into projetos_restauracoes  (id, partes_reutilizadas , partes_descartadas ) values (8, 8, 8);
insert into projetos_restauracoes  (id, partes_reutilizadas , partes_descartadas ) values (9, 9, 9);
insert into projetos_restauracoes  (id, partes_reutilizadas , partes_descartadas ) values (10, 10, 10);
insert into projetos_restauracoes  (id, partes_reutilizadas , partes_descartadas ) values (11, 11, 11);
insert into projetos_restauracoes  (id, partes_reutilizadas , partes_descartadas ) values (12, 12, 12);
insert into projetos_restauracoes  (id, partes_reutilizadas , partes_descartadas ) values (13, 13, 13);
insert into projetos_restauracoes  (id, partes_reutilizadas , partes_descartadas ) values (14, 14, 14);
insert into projetos_restauracoes  (id, partes_reutilizadas , partes_descartadas ) values (15, 15, 15);
insert into projetos_restauracoes  (id, partes_reutilizadas , partes_descartadas ) values (16, 16, 16);
insert into projetos_restauracoes  (id, partes_reutilizadas , partes_descartadas ) values (17, 17, 17);
insert into projetos_restauracoes  (id, partes_reutilizadas , partes_descartadas ) values (18, 18, 18);

/* execucoes_projetos */
insert into execucoes_projetos (setor_id, projeto_id) values (1, 1);
insert into execucoes_projetos (setor_id, projeto_id) values (1, 2);
insert into execucoes_projetos (setor_id, projeto_id) values (2, 2);
insert into execucoes_projetos (setor_id, projeto_id) values (2, 3);
insert into execucoes_projetos (setor_id, projeto_id) values (3, 3);
insert into execucoes_projetos (setor_id, projeto_id) values (3, 4);
insert into execucoes_projetos (setor_id, projeto_id) values (4, 4);
insert into execucoes_projetos (setor_id, projeto_id) values (4, 5);
insert into execucoes_projetos (setor_id, projeto_id) values (5, 5);
insert into execucoes_projetos (setor_id, projeto_id) values (5, 6);
insert into execucoes_projetos (setor_id, projeto_id) values (6, 6);
insert into execucoes_projetos (setor_id, projeto_id) values (6, 7);
insert into execucoes_projetos (setor_id, projeto_id) values (7, 7);
insert into execucoes_projetos (setor_id, projeto_id) values (7, 8);
insert into execucoes_projetos (setor_id, projeto_id) values (8, 8);
insert into execucoes_projetos (setor_id, projeto_id) values (8, 9);
insert into execucoes_projetos (setor_id, projeto_id) values (9, 9);
insert into execucoes_projetos (setor_id, projeto_id) values (9, 10);
insert into execucoes_projetos (setor_id, projeto_id) values (10, 1);
insert into execucoes_projetos (setor_id, projeto_id) values (10, 10);

/* clientes */

insert into clientes (cnpj, nome_empresa, email, site) values (32771001010862, 'Innotype', 'jmendoza0@addthis.com', 'fda.gov');
insert into clientes (cnpj, nome_empresa, email, site) values (74023615300569, 'Roomm', 'jparker1@blogtalkradio.com', 'elegantthemes.com');
insert into clientes (cnpj, nome_empresa, email, site) values (35480432803963, 'Einti', 'aruiz2@gov.uk', 'sitemeter.com');
insert into clientes (cnpj, nome_empresa, email, site) values (40824079424045, 'Blogpad', 'swebb3@pcworld.com', 'fotki.com');
insert into clientes (cnpj, nome_empresa, email, site) values (50997772767181, 'Browsedrive', 'jwilliamson4@usgs.gov', 'oaic.gov.au');
insert into clientes (cnpj, nome_empresa, email, site) values (61841660367260, 'Zoonoodle', 'jcunningham5@google.co.uk', 'nbcnews.com');
insert into clientes (cnpj, nome_empresa, email, site) values (49991270192798, 'Pixoboo', 'jmartin6@blogs.com', 'hostgator.com');
insert into clientes (cnpj, nome_empresa, email, site) values (77016702913997, 'Trilia', 'alawrence7@google.fr', 'cloudflare.com');
insert into clientes (cnpj, nome_empresa, email, site) values (14010782046701, 'Realcube', 'chawkins8@addtoany.com', 'com.com');
insert into clientes (cnpj, nome_empresa, email, site) values (94405974919694, 'Meetz', 'cferguson9@github.com', 'chron.com');
insert into clientes (cnpj, nome_empresa, email, site) values (91913832268294, 'Topdrive', 'ebrooksa@ameblo.jp', 'vimeo.com');
insert into clientes (cnpj, nome_empresa, email, site) values (57290869110659, 'Gabcube', 'ngreenb@mapquest.com', 'yahoo.com');
insert into clientes (cnpj, nome_empresa, email, site) values (26990196975153, 'Oyoloo', 'esanchezc@dmoz.org', 'prnewswire.com');
insert into clientes (cnpj, nome_empresa, email, site) values (94395785501995, 'Skajo', 'dcunninghamd@upenn.edu', 'bloglines.com');
insert into clientes (cnpj, nome_empresa, email, site) values (46168389687831, 'Flashpoint', 'rwarde@com.com', 'yale.edu');

/* representantes */

insert into representantes (empresa_cnpj, cpf_representante, nome) values (32771001010862, 38349206880, 'Roy Hudson');
insert into representantes (empresa_cnpj, cpf_representante, nome) values (75721366166563, 18760215941, 'Bobby Stephens');
insert into representantes (empresa_cnpj, cpf_representante, nome) values (35480432803963, 38249379735, 'Jonathan Brooks');
insert into representantes (empresa_cnpj, cpf_representante, nome) values (40824079424045, 45463712243, 'Paul Harris');
insert into representantes (empresa_cnpj, cpf_representante, nome) values (50997772767181, 19709817248, 'Mark Brown');
insert into representantes (empresa_cnpj, cpf_representante, nome) values (61841660367260, 18653207439, 'Jonathan Taylor');
insert into representantes (empresa_cnpj, cpf_representante, nome) values (49991270192798, 12581666216, 'Eugene Stewart');
insert into representantes (empresa_cnpj, cpf_representante, nome) values (77016702913997, 21417577784, 'Albert Stephens');
insert into representantes (empresa_cnpj, cpf_representante, nome) values (14010782046701, 48869558051, 'Jimmy West');
insert into representantes (empresa_cnpj, cpf_representante, nome) values (94405974919694, 13170275859, 'Heather Mendoza');
insert into representantes (empresa_cnpj, cpf_representante, nome) values (91913832268294, 45765493189, 'Jose Carr');
insert into representantes (empresa_cnpj, cpf_representante, nome) values (57290869110659, 15942326847, 'Jose Sims');
insert into representantes (empresa_cnpj, cpf_representante, nome) values (26990196975153, 42455806504, 'Victor Flores');
insert into representantes (empresa_cnpj, cpf_representante, nome) values (94395785501995, 44896261080, 'Jonathan Gomez');
insert into representantes (empresa_cnpj, cpf_representante, nome) values (46168389687831, 38377052223, 'Philip Torres');

/* telefones_clientes */

insert into telefones_clientes (cliente_cnpj, fone) values (32771001010862, 1097112736);
insert into telefones_clientes (cliente_cnpj, fone) values (75721366166563, 1098522898);
insert into telefones_clientes (cliente_cnpj, fone) values (35480432803963, 1099631901);
insert into telefones_clientes (cliente_cnpj, fone) values (40824079424045, 1098326714);
insert into telefones_clientes (cliente_cnpj, fone) values (50997772767181, 1099367308);
insert into telefones_clientes (cliente_cnpj, fone) values (61841660367260, 1097878759);
insert into telefones_clientes (cliente_cnpj, fone) values (49991270192798, 1098480548);
insert into telefones_clientes (cliente_cnpj, fone) values (77016702913997, 1098503945);
insert into telefones_clientes (cliente_cnpj, fone) values (14010782046701, 1099108026);
insert into telefones_clientes (cliente_cnpj, fone) values (94405974919694, 1098424309);
insert into telefones_clientes (cliente_cnpj, fone) values (91913832268294, 1097782276);
insert into telefones_clientes (cliente_cnpj, fone) values (57290869110659, 1098610719);
insert into telefones_clientes (cliente_cnpj, fone) values (26990196975153, 1097208407);
insert into telefones_clientes (cliente_cnpj, fone) values (94395785501995, 1097195017);
insert into telefones_clientes (cliente_cnpj, fone) values (46168389687831, 1099685226);

/* enderecos_clientes */

insert into enderecos_clientes (cliente_cnpj, cep, descricao) values (32771001010862, 46359768, 'Duis at velit eu est congue elementum.');
insert into enderecos_clientes (cliente_cnpj, cep, descricao) values (75721366166563, 38372503, 'Mauris enim leo, rhoncus sed, vestibulum sit amet, cursus id, turpis.');
insert into enderecos_clientes (cliente_cnpj, cep, descricao) values (35480432803963, 34311823, 'Aenean lectus.');
insert into enderecos_clientes (cliente_cnpj, cep, descricao) values (40824079424045, 14956210, 'Proin eu mi.');
insert into enderecos_clientes (cliente_cnpj, cep, descricao) values (50997772767181, 43483725, 'Nunc purus.');
insert into enderecos_clientes (cliente_cnpj, cep, descricao) values (61841660367260, 14576247, 'Duis at velit eu est congue elementum.');
insert into enderecos_clientes (cliente_cnpj, cep, descricao) values (49991270192798, 48415503, 'Morbi porttitor lorem id ligula.');
insert into enderecos_clientes (cliente_cnpj, cep, descricao) values (77016702913997, 55153968, 'Duis at velit eu est congue elementum.');
insert into enderecos_clientes (cliente_cnpj, cep, descricao) values (14010782046701, 14826814, 'In hac habitasse platea dictumst.');
insert into enderecos_clientes (cliente_cnpj, cep, descricao) values (94405974919694, 28473617, 'Cum sociis natoque penatibus et magnis dis parturient montes, nascetur ridiculus mus.');
insert into enderecos_clientes (cliente_cnpj, cep, descricao) values (91913832268294, 23573257, 'Aliquam augue quam, sollicitudin vitae, consectetuer eget, rutrum at, lorem.');
insert into enderecos_clientes (cliente_cnpj, cep, descricao) values (57290869110659, 24488350, 'Vestibulum ante ipsum primis in faucibus orci luctus et ultrices posuere cubilia Curae; Mauris viverra diam vitae quam.');
insert into enderecos_clientes (cliente_cnpj, cep, descricao) values (26990196975153, 39413836, 'Duis at velit eu est congue elementum.');
insert into enderecos_clientes (cliente_cnpj, cep, descricao) values (94395785501995, 59547171, 'Sed sagittis.');
insert into enderecos_clientes (cliente_cnpj, cep, descricao) values (46168389687831, 59727291, 'Quisque erat eros, viverra eget, congue eget, semper rutrum, nulla.');


/* embarcacoes */

insert into embarcacoes (certificado, tipo, data_fabricacao) values (6686256566744014, 'CONTEINEIRO', TO_DATE('04/09/2015','dd/mm/yyyy'));
insert into embarcacoes (certificado, tipo, data_fabricacao) values (3483008998238951, 'CONTEINEIRO', TO_DATE('04/09/2015','dd/mm/yyyy'));
insert into embarcacoes (certificado, tipo, data_fabricacao) values (1858278084503792, 'CONTEINEIRO', TO_DATE('04/09/2015','dd/mm/yyyy'));
insert into embarcacoes (certificado, tipo, data_fabricacao) values (2058105563559733, 'CONTEINEIRO', TO_DATE('04/09/2015','dd/mm/yyyy'));
insert into embarcacoes (certificado, tipo, data_fabricacao) values (3010386456443800, 'CONTEINEIRO', TO_DATE('04/09/2015','dd/mm/yyyy'));
insert into embarcacoes (certificado, tipo, data_fabricacao) values (6894233464033459, 'GASEIRO', TO_DATE('04/09/2015','dd/mm/yyyy'));
insert into embarcacoes (certificado, tipo, data_fabricacao) values (3977665514774184, 'GASEIRO' TO_DATE('04/09/2015','dd/mm/yyyy'));
insert into embarcacoes (certificado, tipo, data_fabricacao) values (4709306226415695, 'GASEIRO', TO_DATE('04/09/2015','dd/mm/yyyy'));
insert into embarcacoes (certificado, tipo, data_fabricacao) values (7663040196268442, 'GASEIRO', TO_DATE('04/09/2015','dd/mm/yyyy'));
insert into embarcacoes (certificado, tipo, data_fabricacao) values (7326302996717560, 'GASEIRO', TO_DATE('04/09/2015','dd/mm/yyyy'));
insert into embarcacoes (certificado, tipo, data_fabricacao) values (1700151499882756, 'GASEIRO', TO_DATE('04/09/2015','dd/mm/yyyy'));
insert into embarcacoes (certificado, tipo, data_fabricacao) values (5322937184789651, 'GASEIRO', TO_DATE('04/09/2015','dd/mm/yyyy'));
insert into embarcacoes (certificado, tipo, data_fabricacao) values (1986326421419801, 'VLCC', TO_DATE('04/09/2015','dd/mm/yyyy'));
insert into embarcacoes (certificado, tipo, data_fabricacao) values (5560728405647844, 'VLCC', TO_DATE('04/09/2015','dd/mm/yyyy'));
insert into embarcacoes (certificado, tipo, data_fabricacao) values (8008944033340588, 'VLCC', TO_DATE('04/09/2015','dd/mm/yyyy'));
insert into embarcacoes (certificado, tipo, data_fabricacao) values (7808994642283709, 'VLCC', TO_DATE('04/09/2015','dd/mm/yyyy'));
insert into embarcacoes (certificado, tipo, data_fabricacao) values (4724698486648050, 'PETROLEIRO', TO_DATE('04/09/2015','dd/mm/yyyy'));
insert into embarcacoes (certificado, tipo, data_fabricacao) values (7578314219866680, 'PETROLEIRO', TO_DATE('04/09/2015','dd/mm/yyyy'));
insert into embarcacoes (certificado, tipo, data_fabricacao) values (4082223176847353, 'PETROLEIRO', TO_DATE('04/09/2015','dd/mm/yyyy'));
insert into embarcacoes (certificado, tipo, data_fabricacao) values (1611889263988087, 'PETROLEIRO', TO_DATE('04/09/2015','dd/mm/yyyy'));

/* especificacoes */

insert into especificacoes (certificado_embarcacao, versao, peso, comprimento, altura, capacidade_ocupantes, capacidade_carga) values (6686256566744014, 123.45, 400.000, 30.000, 20.000, 1000, 90.000);
insert into especificacoes (certificado_embarcacao, versao, peso, comprimento, altura, capacidade_ocupantes, capacidade_carga) values (3483008998238951, 234.56, 450.000, 35.000, 25.000, 1250, 99.000);
insert into especificacoes (certificado_embarcacao, versao, peso, comprimento, altura, capacidade_ocupantes, capacidade_carga) values (1858278084503792, 345.67, 500.000, 40.000, 50.000, 1500, 10.000);
insert into especificacoes (certificado_embarcacao, versao, peso, comprimento, altura, capacidade_ocupantes, capacidade_carga) values (2058105563559733, 456.78, 350.000, 65.000, 75.000, 1750, 19.000);
insert into especificacoes (certificado_embarcacao, versao, peso, comprimento, altura, capacidade_ocupantes, capacidade_carga) values (3010386456443800, 567.89, 750.000, 37.050, 27.120, 1980, 99.000);
insert into especificacoes (certificado_embarcacao, versao, peso, comprimento, altura, capacidade_ocupantes, capacidade_carga) values (6894233464033459, 678.90, 234.024, 12.423, 23.242, 1412, 24.241);
insert into especificacoes (certificado_embarcacao, versao, peso, comprimento, altura, capacidade_ocupantes, capacidade_carga) values (3977665514774184, 215.54, 238.575, 24.235, 86.535, 2355, 35.356);
insert into especificacoes (certificado_embarcacao, versao, peso, comprimento, altura, capacidade_ocupantes, capacidade_carga) values (4709306226415695, 832.46, 233.844, 85.741, 86.112, 3431, 23.235);
insert into especificacoes (certificado_embarcacao, versao, peso, comprimento, altura, capacidade_ocupantes, capacidade_carga) values (7663040196268442, 034.37, 647.355, 35.356, 37.245, 5236, 35.352);
insert into especificacoes (certificado_embarcacao, versao, peso, comprimento, altura, capacidade_ocupantes, capacidade_carga) values (7326302996717560, 038.54, 462.644, 24.574, 43.463, 4363, 43.436);
insert into especificacoes (certificado_embarcacao, versao, peso, comprimento, altura, capacidade_ocupantes, capacidade_carga) values (1700151499882756, 352.36, 263.362, 36.362, 75.436, 3346, 23.463);
insert into especificacoes (certificado_embarcacao, versao, peso, comprimento, altura, capacidade_ocupantes, capacidade_carga) values (5322937184789651, 474.34, 346.463, 46.436, 86.553, 3525, 53.274);
insert into especificacoes (certificado_embarcacao, versao, peso, comprimento, altura, capacidade_ocupantes, capacidade_carga) values (1986326421419801, 523.36, 532.246, 24.426, 76.584, 7435, 34.754);
insert into especificacoes (certificado_embarcacao, versao, peso, comprimento, altura, capacidade_ocupantes, capacidade_carga) values (5560728405647844, 233.64, 653.352, 35.325, 64.754, 5246, 54.463);
insert into especificacoes (certificado_embarcacao, versao, peso, comprimento, altura, capacidade_ocupantes, capacidade_carga) values (8008944033340588, 025.53, 054.633, 23.435, 46.456, 6436, 54.753);
insert into especificacoes (certificado_embarcacao, versao, peso, comprimento, altura, capacidade_ocupantes, capacidade_carga) values (7808994642283709, 001.13, 326.361, 33.265, 23.235, 3575, 23.362);
insert into especificacoes (certificado_embarcacao, versao, peso, comprimento, altura, capacidade_ocupantes, capacidade_carga) values (4724698486648050, 673.35, 732.462, 46.462, 44.426, 2532, 23.648);
insert into especificacoes (certificado_embarcacao, versao, peso, comprimento, altura, capacidade_ocupantes, capacidade_carga) values (7578314219866680, 112.46, 325.972, 35.464, 34.863. 7334, 23.362);
insert into especificacoes (certificado_embarcacao, versao, peso, comprimento, altura, capacidade_ocupantes, capacidade_carga) values (4082223176847353, 123.73, 111.222, 33.444, 55.666, 7777, 88.999);
insert into especificacoes (certificado_embarcacao, versao, peso, comprimento, altura, capacidade_ocupantes, capacidade_carga) values (1611889263988087, 012.34, 420.420, 12.344, 56.788, 1337, 54.321);

/* equipamentos */

insert into equipamentos (id, nome_equipamento, tipo, data_uso_inicio, data_uso_termino, setor_id) values (2, 'text/plain', 'E', TO_DATE('04/09/2010','dd/mm/yyyy'), TO_DATE('04/09/2010','dd/mm/yyyy'), 1);
insert into equipamentos (id, nome_equipamento, tipo, data_uso_inicio, data_uso_termino, setor_id) values (3, 'text/plain', 'E', TO_DATE('04/09/2010','dd/mm/yyyy'), TO_DATE('04/09/2010','dd/mm/yyyy'), 1);
insert into equipamentos (id, nome_equipamento, tipo, data_uso_inicio, data_uso_termino, setor_id) values (4, 'text/plain', 'C', TO_DATE('04/09/2010','dd/mm/yyyy'), TO_DATE('04/09/2010','dd/mm/yyyy'), 2);
insert into equipamentos (id, nome_equipamento, tipo, data_uso_inicio, data_uso_termino, setor_id) values (5, 'text/plain', 'E', TO_DATE('04/09/2010','dd/mm/yyyy'), TO_DATE('04/09/2010','dd/mm/yyyy'), 2);
insert into equipamentos (id, nome_equipamento, tipo, data_uso_inicio, data_uso_termino, setor_id) values (6, 'text/plain', 'E', TO_DATE('04/09/2010','dd/mm/yyyy'), TO_DATE('04/09/2010','dd/mm/yyyy'), 2);
insert into equipamentos (id, nome_equipamento, tipo, data_uso_inicio, data_uso_termino, setor_id) values (7, 'text/plain', 'D', TO_DATE('04/09/2010','dd/mm/yyyy'), TO_DATE('04/09/2010','dd/mm/yyyy'), 3);
insert into equipamentos (id, nome_equipamento, tipo, data_uso_inicio, data_uso_termino, setor_id) values (8, 'text/plain', 'C', TO_DATE('04/09/2010','dd/mm/yyyy'), TO_DATE('04/09/2010','dd/mm/yyyy'), 3);
insert into equipamentos (id, nome_equipamento, tipo, data_uso_inicio, data_uso_termino, setor_id) values (9, 'text/plain', 'D', TO_DATE('04/09/2010','dd/mm/yyyy'), TO_DATE('04/09/2010','dd/mm/yyyy'), 3);
insert into equipamentos (id, nome_equipamento, tipo, data_uso_inicio, data_uso_termino, setor_id) values (10, 'text/plain', 'C', TO_DATE('04/09/2010','dd/mm/yyyy'), TO_DATE('04/09/2010','dd/mm/yyyy'), 4);
insert into equipamentos (id, nome_equipamento, tipo, data_uso_inicio, data_uso_termino, setor_id) values (11, 'text/plain', 'D', TO_DATE('04/09/2010','dd/mm/yyyy'), TO_DATE('04/09/2010','dd/mm/yyyy'), 4);
insert into equipamentos (id, nome_equipamento, tipo, data_uso_inicio, data_uso_termino, setor_id) values (12, 'text/plain', 'E', TO_DATE('04/09/2010','dd/mm/yyyy'), TO_DATE('04/09/2010','dd/mm/yyyy'), 4);
insert into equipamentos (id, nome_equipamento, tipo, data_uso_inicio, data_uso_termino, setor_id) values (13, 'text/plain', 'D', TO_DATE('04/09/2010','dd/mm/yyyy'), TO_DATE('04/09/2010','dd/mm/yyyy'), 5);
insert into equipamentos (id, nome_equipamento, tipo, data_uso_inicio, data_uso_termino, setor_id) values (14, 'text/plain', 'D', TO_DATE('04/09/2010','dd/mm/yyyy'), TO_DATE('04/09/2010','dd/mm/yyyy'), 5);
insert into equipamentos (id, nome_equipamento, tipo, data_uso_inicio, data_uso_termino, setor_id) values (15, 'text/plain', 'D', TO_DATE('04/09/2010','dd/mm/yyyy'), TO_DATE('04/09/2010','dd/mm/yyyy'), 5);
insert into equipamentos (id, nome_equipamento, tipo, data_uso_inicio, data_uso_termino, setor_id) values (16, 'text/plain', 'C', TO_DATE('04/09/2010','dd/mm/yyyy'), TO_DATE('04/09/2010','dd/mm/yyyy'), 6);
insert into equipamentos (id, nome_equipamento, tipo, data_uso_inicio, data_uso_termino, setor_id) values (17, 'text/plain', 'D', TO_DATE('04/09/2010','dd/mm/yyyy'), TO_DATE('04/09/2010','dd/mm/yyyy'), 6);
insert into equipamentos (id, nome_equipamento, tipo, data_uso_inicio, data_uso_termino, setor_id) values (18, 'text/plain', 'D', TO_DATE('04/09/2010','dd/mm/yyyy'), TO_DATE('04/09/2010','dd/mm/yyyy'), 6);
insert into equipamentos (id, nome_equipamento, tipo, data_uso_inicio, data_uso_termino, setor_id) values (19, 'text/plain', 'A', TO_DATE('04/09/2010','dd/mm/yyyy'), TO_DATE('04/09/2010','dd/mm/yyyy'), 7);
insert into equipamentos (id, nome_equipamento, tipo, data_uso_inicio, data_uso_termino, setor_id) values (20, 'text/plain', 'A', TO_DATE('04/09/2010','dd/mm/yyyy'), TO_DATE('04/09/2010','dd/mm/yyyy'), 7);
insert into equipamentos (id, nome_equipamento, tipo, data_uso_inicio, data_uso_termino, setor_id) values (21, 'text/plain', 'E', TO_DATE('04/09/2010','dd/mm/yyyy'), TO_DATE('04/09/2010','dd/mm/yyyy'), 7);
insert into equipamentos (id, nome_equipamento, tipo, data_uso_inicio, data_uso_termino, setor_id) values (22, 'text/plain', 'E', TO_DATE('04/09/2010','dd/mm/yyyy'), TO_DATE('04/09/2010','dd/mm/yyyy'), 8);
insert into equipamentos (id, nome_equipamento, tipo, data_uso_inicio, data_uso_termino, setor_id) values (23, 'text/plain', 'B', TO_DATE('04/09/2010','dd/mm/yyyy'), TO_DATE('04/09/2010','dd/mm/yyyy'), 8;
insert into equipamentos (id, nome_equipamento, tipo, data_uso_inicio, data_uso_termino, setor_id) values (24, 'text/plain', 'E', TO_DATE('04/09/2010','dd/mm/yyyy'), TO_DATE('04/09/2010','dd/mm/yyyy'), 8;
insert into equipamentos (id, nome_equipamento, tipo, data_uso_inicio, data_uso_termino, setor_id) values (25, 'text/plain', 'D', TO_DATE('04/09/2010','dd/mm/yyyy'), TO_DATE('04/09/2010','dd/mm/yyyy'), 9);
insert into equipamentos (id, nome_equipamento, tipo, data_uso_inicio, data_uso_termino, setor_id) values (26, 'text/plain', 'E', TO_DATE('04/09/2010','dd/mm/yyyy'), TO_DATE('04/09/2010','dd/mm/yyyy'), 9);
insert into equipamentos (id, nome_equipamento, tipo, data_uso_inicio, data_uso_termino, setor_id) values (27, 'text/plain', 'C', TO_DATE('04/09/2010','dd/mm/yyyy'), TO_DATE('04/09/2010','dd/mm/yyyy'), 9);
insert into equipamentos (id, nome_equipamento, tipo, data_uso_inicio, data_uso_termino, setor_id) values (28, 'text/plain', 'A', TO_DATE('04/09/2010','dd/mm/yyyy'), TO_DATE('04/09/2010','dd/mm/yyyy'), 10);
insert into equipamentos (id, nome_equipamento, tipo, data_uso_inicio, data_uso_termino, setor_id) values (29, 'text/plain', 'E', TO_DATE('04/09/2010','dd/mm/yyyy'), TO_DATE('04/09/2010','dd/mm/yyyy'), 10);
insert into equipamentos (id, nome_equipamento, tipo, data_uso_inicio, data_uso_termino, setor_id) values (30, 'text/plain', 'E', TO_DATE('04/09/2010','dd/mm/yyyy'), TO_DATE('04/09/2010','dd/mm/yyyy'), 10);

/* compras_equipamentos */

insert into compras_equipamentos (equipamento_id, setor_id, funcionario_cpf) values (2, 1, 06234438765);
insert into compras_equipamentos (equipamento_id, setor_id, funcionario_cpf) values (3, 1, 88140983799);
insert into compras_equipamentos (equipamento_id, setor_id, funcionario_cpf) values (2, 1, 90752904834);
insert into compras_equipamentos (equipamento_id, setor_id, funcionario_cpf) values (1, 1, 84865465963);
insert into compras_equipamentos (equipamento_id, setor_id, funcionario_cpf) values (10, 4, 73235295212);
insert into compras_equipamentos (equipamento_id, setor_id, funcionario_cpf) values (9, 3, 88838233153);
insert into compras_equipamentos (equipamento_id, setor_id, funcionario_cpf) values (8, 3, 57424468667);
insert into compras_equipamentos (equipamento_id, setor_id, funcionario_cpf) values (7, 3, 94183732742);
insert into compras_equipamentos (equipamento_id, setor_id, funcionario_cpf) values (4, 2, 42025593625);
insert into compras_equipamentos (equipamento_id, setor_id, funcionario_cpf) values (5, 2, 31988589642);
insert into compras_equipamentos (equipamento_id, setor_id, funcionario_cpf) values (15, 5, 97268251891);
insert into compras_equipamentos (equipamento_id, setor_id, funcionario_cpf) values (25, 9, 57158935832);
insert into compras_equipamentos (equipamento_id, setor_id, funcionario_cpf) values (23, 8, 80817022099);
insert into compras_equipamentos (equipamento_id, setor_id, funcionario_cpf) values (12, 4, 99053717997);
insert into compras_equipamentos (equipamento_id, setor_id, funcionario_cpf) values (17, 6, 25104679287);
insert into compras_equipamentos (equipamento_id, setor_id, funcionario_cpf) values (30, 10, 28328322904);
insert into compras_equipamentos (equipamento_id, setor_id, funcionario_cpf) values (25, 9, 44160467456);
insert into compras_equipamentos (equipamento_id, setor_id, funcionario_cpf) values (7, 3, 79859148466);
insert into compras_equipamentos (equipamento_id, setor_id, funcionario_cpf) values (28, 10, 04910256448);

/* manutencoes_equipamentos */

insert into manutencoes_equipamentos (equipamento_id, data, situacao) values (2, TO_DATE('04/09/2015','dd/mm/yyyy'), 'PENDENTE');
insert into manutencoes_equipamentos (equipamento_id, data, situacao) values (3, TO_DATE('04/09/2015','dd/mm/yyyy'), 'PENDENTE');
insert into manutencoes_equipamentos (equipamento_id, data, situacao) values (4, TO_DATE('04/09/2015','dd/mm/yyyy'), 'EM ANDAMENTO');
insert into manutencoes_equipamentos (equipamento_id, data, situacao) values (5, TO_DATE('04/09/2015','dd/mm/yyyy'), 'EM ANDAMENTO');
insert into manutencoes_equipamentos (equipamento_id, data, situacao) values (6, TO_DATE('04/09/2015','dd/mm/yyyy'), 'CONCLUIDAnovo');
insert into manutencoes_equipamentos (equipamento_id, data, situacao) values (7, TO_DATE('04/09/2015','dd/mm/yyyy'), 'PENDENTE');
insert into manutencoes_equipamentos (equipamento_id, data, situacao) values (8, TO_DATE('04/09/2015','dd/mm/yyyy'), 'EM ANDAMENTO');
insert into manutencoes_equipamentos (equipamento_id, data, situacao) values (9, TO_DATE('04/09/2015','dd/mm/yyyy'), 'EM ANDAMENTO');
insert into manutencoes_equipamentos (equipamento_id, data, situacao) values (10, TO_DATE('04/09/2015','dd/mm/yyyy'), 'CONCLUIDA');
insert into manutencoes_equipamentos (equipamento_id, data, situacao) values (11, TO_DATE('04/09/2015','dd/mm/yyyy'), 'EM ANDAMENTO');
insert into manutencoes_equipamentos (equipamento_id, data, situacao) values (12, TO_DATE('04/09/2015','dd/mm/yyyy'), 'PENDENTE');
insert into manutencoes_equipamentos (equipamento_id, data, situacao) values (13, TO_DATE('04/09/2015','dd/mm/yyyy'), 'PENDENTE');
insert into manutencoes_equipamentos (equipamento_id, data, situacao) values (14, TO_DATE('04/09/2015','dd/mm/yyyy'), 'EM ANDAMENTO');
insert into manutencoes_equipamentos (equipamento_id, data, situacao) values (15, TO_DATE('04/09/2015','dd/mm/yyyy'), 'EM ANDAMENTO');
insert into manutencoes_equipamentos (equipamento_id, data, situacao) values (16, TO_DATE('04/09/2015','dd/mm/yyyy'), 'PENDENTE');
insert into manutencoes_equipamentos (equipamento_id, data, situacao) values (17, TO_DATE('04/09/2015','dd/mm/yyyy'), 'CONCLUIDA');
insert into manutencoes_equipamentos (equipamento_id, data, situacao) values (18, TO_DATE('04/09/2015','dd/mm/yyyy'), 'EM ANDAMENTO');
insert into manutencoes_equipamentos (equipamento_id, data, situacao) values (19, TO_DATE('04/09/2015','dd/mm/yyyy'), 'CONCLUIDA');
insert into manutencoes_equipamentos (equipamento_id, data, situacao) values (20, TO_DATE('04/09/2015','dd/mm/yyyy'), 'EM ANDAMENTO');
insert into manutencoes_equipamentos (equipamento_id, data, situacao) values (21, TO_DATE('04/09/2015','dd/mm/yyyy'), 'EM ANDAMENTO');
insert into manutencoes_equipamentos (equipamento_id, data, situacao) values (22, TO_DATE('04/09/2015','dd/mm/yyyy'), 'CONCLUIDA');
insert into manutencoes_equipamentos (equipamento_id, data, situacao) values (23, TO_DATE('04/09/2015','dd/mm/yyyy'), 'CONCLUIDA');
insert into manutencoes_equipamentos (equipamento_id, data, situacao) values (24, TO_DATE('04/09/2015','dd/mm/yyyy'), 'EM ANDAMENTO');
insert into manutencoes_equipamentos (equipamento_id, data, situacao) values (25, TO_DATE('04/09/2015','dd/mm/yyyy'), 'CONCLUIDAnovo');
insert into manutencoes_equipamentos (equipamento_id, data, situacao) values (26, TO_DATE('04/09/2015','dd/mm/yyyy'), 'EM ANDAMENTO');
insert into manutencoes_equipamentos (equipamento_id, data, situacao) values (27, TO_DATE('04/09/2015','dd/mm/yyyy'), 'EM ANDAMENTO');
insert into manutencoes_equipamentos (equipamento_id, data, situacao) values (28, TO_DATE('04/09/2015','dd/mm/yyyy'), 'EM ANDAMENTO');
insert into manutencoes_equipamentos (equipamento_id, data, situacao) values (29, TO_DATE('04/09/2015','dd/mm/yyyy'), 'EM ANDAMENTO');
insert into manutencoes_equipamentos (equipamento_id, data, situacao) values (30, TO_DATE('04/09/2015','dd/mm/yyyy'), 'CONCLUIDA');

/* solicitacoes_projetos */

insert into solicitacoes_projetos (projeto_id, embarcacao_certificado, cliente_cnpj, data) values (1, 6686256566744014, 32771001010862, TO_DATE('04/09/2010','dd/mm/yyyy'));
insert into solicitacoes_projetos (projeto_id, embarcacao_certificado, cliente_cnpj, data) values (2, 3483008998238951, 75721366166563, TO_DATE('04/09/2010','dd/mm/yyyy'));
insert into solicitacoes_projetos (projeto_id, embarcacao_certificado, cliente_cnpj, data) values (3, 1858278084503792, 35480432803963, TO_DATE('04/09/2010','dd/mm/yyyy'));
insert into solicitacoes_projetos (projeto_id, embarcacao_certificado, cliente_cnpj, data) values (4, 2058105563559733, 40824079424045, TO_DATE('04/09/2010','dd/mm/yyyy'));
insert into solicitacoes_projetos (projeto_id, embarcacao_certificado, cliente_cnpj, data) values (5, 3010386456443800, 50997772767181, TO_DATE('04/09/2010','dd/mm/yyyy'));
insert into solicitacoes_projetos (projeto_id, embarcacao_certificado, cliente_cnpj, data) values (6, 6894233464033459, 61841660367260, TO_DATE('04/09/2010','dd/mm/yyyy'));
insert into solicitacoes_projetos (projeto_id, embarcacao_certificado, cliente_cnpj, data) values (7, 3977665514774184, 57290869110659, TO_DATE('04/09/2010','dd/mm/yyyy'));
insert into solicitacoes_projetos (projeto_id, embarcacao_certificado, cliente_cnpj, data) values (8, 4709306226415695, 26990196975153, TO_DATE('04/09/2010','dd/mm/yyyy'));
insert into solicitacoes_projetos (projeto_id, embarcacao_certificado, cliente_cnpj, data) values (9, 7663040196268442, 94395785501995, TO_DATE('04/09/2010','dd/mm/yyyy'));
insert into solicitacoes_projetos (projeto_id, embarcacao_certificado, cliente_cnpj, data) values (10, 5560728405647844, 46168389687831, TO_DATE('04/09/2010','dd/mm/yyyy'));
